Hg,Hp,Ht,Hr
2.5554312500000025,-2.8995687499999985,2.5554312500000025,2.155106250000001
2.5346601916022555,-2.9190898083977452,2.5346601916022555,2.1428162366274393
2.5144400272518177,-2.9380599727481833,2.5144400272518177,2.130681698226834
2.49514981752157,-2.9548501824784315,2.49514981752157,2.1189931089654896
2.476472847157374,-2.972277152842627,2.476472847157374,2.1075854261202216
2.4582272962551563,-2.989272703744845,2.4582272962551563,2.096419188616292
2.4403338702927684,-3.0059161297072325,2.4403338702927684,2.0854083823034513
2.422672400538543,-3.0223275994614576,2.422672400538543,2.0744796305845004
2.405240564063868,-3.0410094359361333,2.405240564063868,2.06365919947784
2.3880242005648293,-3.0582257994351716,2.3880242005648293,2.052968454743765
2.370986328471355,-3.0752636715286457,2.370986328471355,2.0423643037741024
2.3541864845184475,-3.0908135154815533,2.3541864845184475,2.0319163225358348
2.3376050843994185,-3.1061449156005825,2.3376050843994185,2.0216020590929427
2.3212207552626203,-3.123779244737381,2.3212207552626203,2.011407706240189
2.305032639944583,-3.1362173600554177,2.305032639944583,2.001268365583078
2.289078557844044,-3.1509214421559575,2.289078557844044,1.991283663678852
2.2734381773984524,-3.164061822601549,2.2734381773984524,1.9814870297492027
2.258107753608311,-3.1768922463916898,2.258107753608311,1.9718988973370313
2.243044322086512,-3.1932056779134887,2.243044322086512,1.962513631890978
2.228220913872644,-3.206779086127357,2.228220913872644,1.9532753573343211
2.213713866915861,-3.2187861330841394,2.213713866915861,1.944282980210895
2.199533283065306,-3.2342167169346956,2.199533283065306,1.9355496347840142
2.185673117248668,-3.246826882751333,2.185673117248668,1.9270305398581091
2.1720421368664686,-3.261707863133532,2.1720421368664686,1.9185972316923021
2.15860724447584,-3.271392755524161,2.15860724447584,1.9102931918258075
2.145404783488978,-3.287095216511023,2.145404783488978,1.9021413149488167
2.1324017323151496,-3.2988482676848516,2.1324017323151496,1.894145288620667
2.1195667105081695,-3.3129332894918315,2.1195667105081695,1.8862589526418199
2.106862162208347,-3.324387837791654,2.106862162208347,1.8784560196867628
2.0942431525726923,-3.3370068474273085,2.0942431525726923,1.8707435165843234
2.0816882663141945,-3.348311733685806,2.0816882663141945,1.8630988242948625
2.0691472256348726,-3.360852774365129,2.0691472256348726,1.8554846621025285
2.0565908912361577,-3.3709091087638434,2.0565908912361577,1.8478648661184485
2.0438853163058903,-3.3811146836941113,2.0438853163058903,1.840109384841316
2.0311869189108847,-3.3888130810891166,2.0311869189108847,1.8323775655139833
2.0187793106884264,-3.4012206893115744,2.0187793106884264,1.8248414591249624
2.006566765954953,-3.4121832340450475,2.006566765954953,1.8174673803293366
1.9948942494218116,-3.4238557505781895,1.9948942494218116,1.8103982922585382
1.9836095144840844,-3.4363904855159166,1.9836095144840844,1.8035832067841813
1.972638122711583,-3.446111877288418,1.972638122711583,1.7969316850539412
1.9619830287629363,-3.4555169712370644,1.9619830287629363,1.7905233929673376
1.9516063815594604,-3.4633936184405405,1.9516063815594604,1.7843147430669777
1.941490882365077,-3.4710091176349245,1.941490882365077,1.7782673322483862
1.9315928144033516,-3.4846571855966486,1.9315928144033516,1.7723982415865958
1.9217835366316816,-3.49821646336832,1.9217835366316816,1.766613037865632
1.912073392516985,-3.5054266074830163,1.912073392516985,1.7608673290086911
1.9025194915607102,-3.511230508439291,1.9025194915607102,1.7552342370848213
1.89304718331143,-3.516952816688571,1.89304718331143,1.7496224912954248
1.8836583993659968,-3.5238416006340048,1.8836583993659968,1.7440957030796538
1.8743708981271254,-3.5318791018728755,1.8743708981271254,1.7386203036370553
1.865185978434868,-3.539814021565133,1.865185978434868,1.7331886529089597
1.8562097391582006,-3.5487902608418,1.8562097391582006,1.7279032706794117
1.847413619812194,-3.557586380187807,1.847413619812194,1.7227118984102086
1.8388726881254098,-3.5636273118745905,1.8388726881254098,1.7176807625928037
1.8305346998556122,-3.571965300144389,1.8305346998556122,1.7127514575912741
1.8224610295039403,-3.5787889704960603,1.8224610295039403,1.7079446154877571
1.814608726688851,-3.58789127331115,1.814608726688851,1.7032765263770093
1.8069822767510133,-3.5942677232489872,1.8069822767510133,1.6987553592783922
1.799547595239305,-3.597952404760696,1.799547595239305,1.6943445303711537
1.7922137152417563,-3.6027862847582446,1.7922137152417563,1.689948499811867
1.7849477541805459,-3.610052245819455,1.7849477541805459,1.6855571978088866
1.7779024728442392,-3.6183475271557617,1.7779024728442392,1.6813068589323013
1.7710856294686566,-3.625164370531344,1.7710856294686566,1.677216595964119
1.7645223028699255,-3.632977697130076,1.7645223028699255,1.673299044827894
1.7581433597321876,-3.6343566402678134,1.7581433597321876,1.6694558959877228
1.7518671542309645,-3.6381328457690363,1.7518671542309645,1.665680189408079
1.7456848783116452,-3.640565121688356,1.7456848783116452,1.6619389623998742
1.7395073152482325,-3.6467426847517688,1.7395073152482325,1.6581161339923336
1.7335259327724302,-3.6539740672275713,1.7335259327724302,1.6544280085695695
1.727694774456568,-3.659805225543433,1.727694774456568,1.6508122700284629
1.7220120487568322,-3.666737951243169,1.7220120487568322,1.6473383575568286
1.7164733792849467,-3.6722766207150546,1.7164733792849467,1.6439219504428575
1.7110938447858897,-3.6776561552141116,1.7110938447858897,1.6406000176732907
1.7058794707473015,-3.6791205292526996,1.7058794707473015,1.6374056778504602
1.700757276471291,-3.67799272352871,1.700757276471291,1.6342167812655026
1.6955114475948072,-3.6807385524051934,1.6955114475948072,1.6308711250535726
1.6903596342744625,-3.6871403657255386,1.6903596342744625,1.627561717816602
1.6854548197103525,-3.693295180289649,1.6854548197103525,1.6244639863178179
1.6806467485055427,-3.6981032514944583,1.6806467485055427,1.6214271220985081
1.675884866346696,-3.705365133653305,1.675884866346696,1.6184382401752273
1.6712915668594186,-3.7099584331405824,1.6712915668594186,1.6155471092508393
1.6668873635960253,-3.714362636403976,1.6668873635960253,1.6127601932520594
1.6626692325170387,-3.7185807674829627,1.6626692325170387,1.6100883982520464
1.6584931591569467,-3.7115068408430547,1.6584931591569467,1.6073779157397698
1.653958445244825,-3.7172915547551764,1.653958445244825,1.604397290047897
1.649605416645985,-3.722894583354016,1.649605416645985,1.6015851430712067
1.6453980377568416,-3.72710196224316,1.6453980377568416,1.5988783947230452
1.6413020757151155,-3.7336979242848853,1.6413020757151155,1.59622843568584
1.6373419588526779,-3.7376580411473235,1.6373419588526779,1.5936535855317053
1.6335522455943972,-3.7439477544056037,1.6335522455943972,1.5911832409226936
1.6298483713123098,-3.746401628687691,1.6298483713123098,1.5887629910321213
1.6261993481466868,-3.751300651853314,1.6261993481466868,1.586371799298905
1.6226030016433413,-3.74989699835666,1.6226030016433413,1.5840109961293467
1.6188343144029826,-3.7499156855970184,1.6188343144029826,1.581503979293244
1.614970355132629,-3.751279644867372,1.614970355132629,1.5789333234249274
1.6112089162391983,-3.755041083760803,1.6112089162391983,1.576403641658369
1.6075601141817113,-3.76368988581829,1.6075601141817113,1.57392359583637
1.6039848634694818,-3.767265136530519,1.6039848634694818,1.5714984527598073
1.6005420876831418,-3.7694579123168594,1.6005420876831418,1.5691818987632706
1.5970779217888351,-3.7754220782111663,1.5970779217888351,1.5668012113417615
1.5937202819948344,-3.7800297180051663,1.5937202819948344,1.5645095855294795
1.5904654033726457,-3.7845345966273554,1.5904654033726457,1.5623010976805987
1.5873028667586977,-3.782697133241303,1.5873028667586977,1.5601550963144806
1.5839784622077488,-3.7822715377922522,1.5839784622077488,1.5578500667200466
1.580488921293024,-3.784511078706977,1.580488921293024,1.5554024916806872
1.5770946127863577,-3.790405387213643,1.5770946127863577,1.552997932233592
1.5737515379359746,-3.794998462064026,1.5737515379359746,1.5506262424924713
1.5704880115805655,-3.7982619884194357,1.5704880115805655,1.5483195497111635
1.5673019973238094,-3.801448002676192,1.5673019973238094,1.5460410654689798
1.5642097700437194,-3.805790229956282,1.5642097700437194,1.5437965037434473
1.561173392322965,-3.8100766076770363,1.561173392322965,1.5416182954192026
1.5582473858473311,-3.81425261415267,1.5582473858473311,1.5395283186450324
1.5553454019246058,-3.817154598075395,1.5553454019246058,1.5374443753432145
1.5524135757459248,-3.816336424254076,1.5524135757459248,1.5353205030301655
1.5494141915407942,-3.8168358084592073,1.5494141915407942,1.5331020779423123
1.5462514204808095,-3.819998579519191,1.5462514204808095,1.5307218382981347
1.5431730662856253,-3.8243269337143753,1.5431730662856253,1.5283938412853697
1.5401777431648407,-3.826072256835161,1.5401777431648407,1.5261362486538883
1.53721831204364,-3.830281687956361,1.53721831204364,1.5238820938801376
1.5343514167125052,-3.835648583287496,1.5343514167125052,1.52167714071704
1.531525144511975,-3.842224855488026,1.531525144511975,1.5194974036850382
1.5287325670783867,-3.846267432921614,1.5287325670783867,1.5173477351552997
1.526024955313382,-3.8477250446866194,1.526024955313382,1.5152562732011263
1.52338421520269,-3.8503657847973107,1.52338421520269,1.5132032736546763
1.5208268461206187,-3.8491731538793825,1.5208268461206187,1.511191800386362
1.518218470018958,-3.8492815299810426,1.518218470018958,1.5091456934675944
1.5155323435256238,-3.851967656474377,1.5155323435256238,1.5070223843819601
1.5128052349367564,-3.8696947650632447,1.5128052349367564,1.5048390647190504
1.5098250513292855,-3.8714249486707155,1.5098250513292855,1.50237101055637
1.5069307676412251,-3.8743192323587756,1.5069307676412251,1.4999512136072364
1.5041491686591861,-3.8758508313408147,1.5041491686591861,1.4976106802653646
1.501468624558775,-3.8785313754412254,1.501468624558775,1.4953541464432216
1.4988929574509737,-3.8811070425490275,1.4988929574509737,1.4931814270494053
1.4963601893973992,-3.8848898106026013,1.4963601893973992,1.4910462623296288
1.4938025972815012,-3.8899474027184997,1.4938025972815012,1.4888945648647487
1.491265500088693,-3.892484499911308,1.491265500088693,1.4867052512469663
1.48875411248208,-3.894995887517921,1.48875411248208,1.4845351858327094
1.4861865246404755,-3.895063475359526,1.4861865246404755,1.4823101631681495
1.4835155056308893,-3.896484494369112,1.4835155056308893,1.479973844959105
1.480769834122519,-3.901730165877482,1.480769834122519,1.4775602345344114
1.4780725142520788,-3.906927485747923,1.4780725142520788,1.4751484127386554
1.475467550697228,-3.9082824493027735,1.475467550697228,1.4727874174422089
1.4728926355225873,-3.9121073644774134,1.4728926355225873,1.4704381022653654
1.4703842052215481,-3.9171157947784527,1.4703842052215481,1.4681265111026562
1.4678190485460583,-3.9221809514539423,1.4678190485460583,1.4657580386347677
1.465250099839288,-3.925999900160713,1.465250099839288,1.4633664773140893
1.4627134420619718,-3.928536557938029,1.4627134420619718,1.461004066083997
1.460189797318414,-3.931060202681587,1.460189797318414,1.4586390017846502
1.4577549859938974,-3.935995014006103,1.4577549859938974,1.4563240761632357
1.4553102232555681,-3.937189776744433,1.4553102232555681,1.4539947293401705
1.4527433505308174,-3.9385066494691827,1.4527433505308174,1.4515462897475038
1.4501186245965647,-3.9423813754034365,1.4501186245965647,1.449041354545741
1.4475311599665042,-3.9449688400334972,1.4475311599665042,1.4465545301221925
1.4450614922491776,-3.948688507750823,1.4450614922491776,1.4441823900383717
1.4425966216534027,-3.9536533783465977,1.4425966216534027,1.4417997848370456
1.440123471952382,-3.957376528047619,1.440123471952382,1.4394064370567263
1.4377074873749796,-3.9610425126250215,1.4377074873749796,1.437064861437307
1.435299939025073,-3.964700060974928,1.435299939025073,1.434718287771583
1.4329471884416312,-3.96955281155837,1.4329471884416312,1.4324250776942538
1.4306422026384702,-3.9731077973615307,1.4306422026384702,1.4301781388611678
1.4283403140955433,-3.977909685904458,1.4283403140955433,1.4279327597328006
1.426060747295375,-3.977689252704626,1.426060747295375,1.4257086949078983
1.4237899241578311,-3.9787100758421703,1.4237899241578311,1.4234791514429108
1.4213698900977187,-3.9786301099022823,1.4213698900977187,1.4210882007158738
1.4189471837676018,-3.9835528162323994,1.4189471837676018,1.4186952450461867
1.4165822668783952,-3.9871677331216056,1.4165822668783952,1.4163594764142942
1.4142607724536491,-3.990739227546352,1.4142607724536491,1.4140663730437926
1.4119378160113096,-3.9943121839886917,1.4119378160113096,1.4117715691893362
1.4096830271616412,-3.9978169728383595,1.4096830271616412,1.4095440579761567
1.4074069984276707,-4.00134300157233,1.4074069984276707,1.407295015162553
1.4052268914601755,-4.004773108539825,1.4052268914601755,1.4051283535624215
1.4031148281839887,-4.009385171816012,1.4031148281839887,1.4030291153336727
1.4010339827044018,-4.010216017295599,1.4010339827044018,1.4009607990694846
1.3989431383211897,-4.013556861678811,1.3989431383211897,1.3988821869516845
1.3969338323060212,-4.01806616769398,1.3969338323060212,1.3968848454587728
1.3949555742512052,-4.018794425748796,1.3949555742512052,1.3949181557335448
1.3929306484095996,-4.018319351590401,1.3929306484095996,1.3929047999011548
1.3908918055594781,-4.017858194440523,1.3908918055594781,1.390877728671215
1.388853575749744,-4.022396424250257,1.388853575749744,1.3888515671186314
1.3868142398227419,-4.02693576017726,1.3868142398227419,1.3868142398227419
1.3847410533368112,-4.02650894666319,1.3847410533368112,1.3847410533368112
1.382759584966793,-4.028490415033208,1.382759584966793,1.382759584966793
1.3808805915910929,-4.029119408408908,1.3808805915910929,1.3808805915910929
1.3790561762761915,-4.0321938237238095,1.3790561762761915,1.3790561762761915
1.3772238185448773,-4.0352761814551235,1.3772238185448773,1.3772238185448773
1.3754218013526804,-4.038328198647321,1.3754218013526804,1.3754218013526804
1.3736810833669495,-4.040068916633052,1.3736810833669495,1.3736810833669495
1.371950854141843,-4.045549145858159,1.371950854141843,1.371950854141843
1.3702316150864158,-4.048518384913585,1.3702316150864158,1.3702316150864158
1.3685344973246785,-4.047715502675322,1.3685344973246785,1.3685344973246785
1.366812720932098,-4.048187279067903,1.366812720932098,1.366812720932098
1.3651306571476152,-4.049869342852386,1.3651306571476152,1.3651306571476152
1.3634090053089118,-4.050340994691089,1.3634090053089118,1.3634090053089118
1.3617311098096962,-4.052018890190306,1.3617311098096962,1.3617311098096962
1.3600767365946977,-4.054923263405303,1.3600767365946977,1.3600767365946977
1.3584354591713743,-4.057814540828627,1.3584354591713743,1.3584354591713743
1.3568465543315553,-4.058153445668446,1.3568465543315553,1.3568465543315553
1.3553010207847116,-4.062198979215289,1.3553010207847116,1.3553010207847116
1.3537888324029477,-4.063711167597054,1.3537888324029477,1.3537888324029477
1.3523189012498222,-4.066431098750179,1.3523189012498222,1.3523189012498222
1.35089525280216,-4.07160474719784,1.35089525280216,1.35089525280216
1.3494812722924052,-4.071768727707596,1.3494812722924052,1.3494812722924052
1.3481147281818533,-4.075635271818148,1.3481147281818533,1.3481147281818533
1.3467807789469919,-4.076969221053009,1.3467807789469919,1.3467807789469919
1.345458608056119,-4.0795413919438825,1.345458608056119,1.345458608056119
1.3441669743353246,-4.078333025664676,1.3441669743353246,1.3441669743353246
1.3428879640649045,-4.078362035935096,1.3428879640649045,1.3428879640649045
1.34160448512031,-4.080895514879691,1.34160448512031,1.34160448512031
1.3402916002146843,-4.079708399785316,1.3402916002146843,1.3402916002146843
1.33898729659539,-4.079762703404612,1.33898729659539,1.33898729659539
1.3377244385911595,-4.078525561408841,1.3377244385911595,1.3377244385911595
1.336470463263088,-4.081029536736913,1.336470463263088,1.336470463263088
1.3351848895973983,-4.082315110402603,1.3351848895973983,1.3351848895973983
1.3339404373586656,-4.084809562641336,1.3339404373586656,1.3339404373586656
1.332747906655741,-4.08725209334426,1.332747906655741,1.332747906655741
1.3315826357228575,-4.0871673642771436,1.3315826357228575,1.3315826357228575
1.3304484644190835,-4.0895515355809176,1.3304484644190835,1.3304484644190835
1.3293623457115507,-4.09063765428845,1.3293623457115507,1.3293623457115507
1.3283107987207252,-4.0916892012792765,1.3283107987207252,1.3283107987207252
1.327300924427663,-4.093949075572338,1.327300924427663,1.327300924427663
1.3262963194589683,-4.094953680541033,1.3262963194589683,1.3262963194589683
1.32534114993507,-4.097158850064931,1.32534114993507,1.32534114993507
1.3244002057437338,-4.099349794256267,1.3244002057437338,1.3244002057437338
1.3234481702230654,-4.100301829776935,1.3234481702230654,1.3234481702230654
1.3225090450899313,-4.099990954910069,1.3225090450899313,1.3225090450899313
1.3215688841514177,-4.102181115848584,1.3215688841514177,1.3215688841514177
1.320577553860102,-4.101922446139899,1.320577553860102,1.320577553860102
1.3196207503543596,-4.101629249645642,1.3196207503543596,1.3196207503543596
1.318703522274415,-4.100046477725586,1.318703522274415,1.318703522274415
1.3178083310877287,-4.099691668912272,1.3178083310877287,1.3178083310877287
1.3169083277739577,-4.099341672226043,1.3169083277739577,1.3169083277739577
1.3160141203633264,-4.100235879636674,1.3160141203633264,1.3160141203633264
1.315135047017741,-4.10111495298226,1.315135047017741,1.315135047017741
1.3142661873308032,-4.100733812669198,1.3142661873308032,1.3142661873308032
1.313426380520995,-4.101573619479006,1.313426380520995,1.313426380520995
1.312599698510646,-4.102400301489355,1.312599698510646,1.312599698510646
1.311777771894016,-4.1032222281059845,1.311777771894016,1.311777771894016
1.3109588803853867,-4.104041119614614,1.3109588803853867,1.3109588803853867
1.310140203186568,-4.106109796813433,1.310140203186568,1.310140203186568
1.309305261099378,-4.105694738900622,1.309305261099378,1.309305261099378
1.3084732694176449,-4.106526730582356,1.3084732694176449,1.3084732694176449
1.3076803570712645,-4.107319642928737,1.3076803570712645,1.3076803570712645
1.3069171354778677,-4.110582864522133,1.3069171354778677,1.3069171354778677
1.3061713974037419,-4.111328602596259,1.3061713974037419,1.3061713974037419
1.3054589901396492,-4.113291009860352,1.3054589901396492,1.3054589901396492
1.304772517330251,-4.11397748266975,1.304772517330251,1.304772517330251
1.3040947343154672,-4.114655265684534,1.3040947343154672,1.3040947343154672
1.3034485767538446,-4.115301423246157,1.3034485767538446,1.3034485767538446
1.3028094322261403,-4.117190567773861,1.3028094322261403,1.3028094322261403
1.3021818148285007,-4.1165681851715,1.3021818148285007,1.3021818148285007
1.301584156961791,-4.11591584303821,1.301584156961791,1.301584156961791
1.3010029776675416,-4.120247022332459,1.3010029776675416,1.3010029776675416
1.3003942276867237,-4.120855772313278,1.3003942276867237,1.3003942276867237
1.2997939216529142,-4.121456078347087,1.2997939216529142,1.2997939216529142
1.299220602352888,-4.122029397647113,1.299220602352888,1.299220602352888
1.298635290849306,-4.123864709150695,1.298635290849306,1.298635290849306
1.298068262278505,-4.123181737721496,1.298068262278505,1.298068262278505
1.2975232276726492,-4.123726772327352,1.2975232276726492,1.2975232276726492
1.2970018086560011,-4.1254981913440005,1.2970018086560011,1.2970018086560011
1.29649148311242,-4.127258516887581,1.29649148311242,1.29649148311242
1.2960034997275731,-4.127746500272428,1.2960034997275731,1.2960034997275731
1.295546744159141,-4.128203255840861,1.295546744159141,1.295546744159141
1.2951081349506794,-4.129891865049322,1.2951081349506794,1.2951081349506794
1.2946745444971814,-4.13282545550282,1.2946745444971814,1.2946745444971814
1.2942561680073967,-4.133243831992604,1.2942561680073967,1.2942561680073967
1.2938602955875755,-4.1348897044124255,1.2938602955875755,1.2938602955875755
1.2934754442456824,-4.135274555754319,1.2934754442456824,1.2934754442456824
1.2931148890040916,-4.13563511099591,1.2931148890040916,1.2931148890040916
1.2927699194484608,-4.13723008055154,1.2927699194484608,1.2927699194484608
1.2924203270118184,-4.138829672988183,1.2924203270118184,1.2924203270118184
1.2920869036594391,-4.139163096340562,1.2920869036594391,1.2920869036594391
1.2917544829995071,-4.141995517000494,1.2917544829995071,1.2917544829995071
1.2914239154789264,-4.142326084521075,1.2914239154789264,1.2914239154789264
1.2911119971566296,-4.143888002843371,1.2911119971566296,1.2911119971566296
1.2907841337598118,-4.144215866240189,1.2907841337598118,1.2907841337598118
1.2904731666417784,-4.130776833358223,1.2904731666417784,1.2904731666417784
1.2900345960497916,-4.118715403950209,1.2900345960497916,1.2900345960497916
1.2895240022236176,-4.120475997776383,1.2895240022236176,1.2895240022236176
1.289028568432807,-4.118471431567194,1.289028568432807,1.289028568432807
1.2885498547643146,-4.1189501452356865,1.2885498547643146,1.2885498547643146
1.2880958803392883,-4.121904119660712,1.2880958803392883,1.2880958803392883
1.2876522106779147,-4.121097789322086,1.2876522106779147,1.2876522106779147
1.2872264756396439,-4.121523524360357,1.2872264756396439,1.2872264756396439
1.2868213803153166,-4.123178619684685,1.2868213803153166,1.2868213803153166
1.2864229539968457,-4.122327046003155,1.2864229539968457,1.2864229539968457
1.2860384726078016,-4.1239615273922,1.2860384726078016,1.2860384726078016
1.2856624910836207,-4.1255875089163805,1.2856624910836207,1.2856624910836207
1.2852991639828277,-4.125950836017173,1.2852991639828277,1.2852991639828277
1.2849421631529492,-4.126307836847052,1.2849421631529492,1.2849421631529492
1.2845911397345027,-4.126658860265498,1.2845911397345027,1.2845911397345027
1.2842588386394398,-4.128241161360561,1.2842588386394398,1.2842588386394398
1.2839324458516814,-4.1285675541483196,1.2839324458516814,1.2839324458516814
1.2836079550209623,-4.130142044979039,1.2836079550209623,1.2836079550209623
1.283289248912702,-4.130460751087299,1.283289248912702,1.283289248912702
1.2829874212372134,-4.1320125787627875,1.2829874212372134,1.2829874212372134
1.282674829565877,-4.132325170434124,1.282674829565877,1.282674829565877
1.2823637771620748,-4.133886222837926,1.2823637771620748,1.2823637771620748
1.2820472261163645,-4.134202773883636,1.2820472261163645,1.2820472261163645
1.281751159338988,-4.133248840661013,1.281751159338988,1.281751159338988
1.2814734870857176,-4.133526512914283,1.2814734870857176,1.2814734870857176
1.2812107095786056,-4.135039290421395,1.2812107095786056,1.2812107095786056
1.280959922355761,-4.135290077644241,1.280959922355761,1.280959922355761
1.2807254106116774,-4.135524589388323,1.2807254106116774,1.2807254106116774
1.2805053629341838,-4.1369946370658175,1.2805053629341838,1.2805053629341838
1.2802920713599542,-4.137207928640047,1.2802920713599542,1.2802920713599542
1.2800916688602162,-4.137408331139785,1.2800916688602162,1.2800916688602162
1.2798966753418777,-4.137603324658123,1.2798966753418777,1.2798966753418777
1.2797104013714806,-4.139039598628521,1.2797104013714806,1.2797104013714806
1.2795317163759146,-4.1392182836240865,1.2795317163759146,1.2795317163759146
1.2793646278105977,-4.139385372189403,1.2793646278105977,1.2793646278105977
1.279204325325657,-4.140795674674344,1.279204325325657,1.279204325325657
1.279049941294476,-4.140950058705525,1.279049941294476,1.279049941294476
1.2789027359111167,-4.142347264088885,1.2789027359111167,1.2789027359111167
1.2787500570646873,-4.141249942935314,1.2787500570646873,1.2787500570646873
1.2786009568272094,-4.141399043172791,1.2786009568272094,1.2786009568272094
1.2784514448822577,-4.142798555117743,1.2784514448822577,1.2784514448822577
1.2783054019286921,-4.141694598071309,1.2783054019286921,1.2783054019286921
1.2781623117141279,-4.143087688285873,1.2781623117141279,1.2781623117141279
1.2780212641435473,-4.143228735856454,1.2780212641435473,1.2780212641435473
1.277880530408095,-4.142119469591906,1.277880530408095,1.277880530408095
1.2777297977922748,-4.141020202207726,1.2777297977922748,1.2777297977922748
1.2775782513227356,-4.142421748677265,1.2775782513227356,1.2775782513227356
1.2774251506910133,-4.142574849308988,1.2774251506910133,1.2774251506910133
1.2772635984123912,-4.14148640158761,1.2772635984123912,1.2772635984123912
1.277095846848418,-4.142904153151584,1.277095846848418,1.277095846848418
1.2769231361124482,-4.141826863887553,1.2769231361124482,1.2769231361124482
1.2767358485004332,-4.143264151499568,1.2767358485004332,1.2767358485004332
1.2765412029612917,-4.14470879703871,1.2765412029612917,1.2765412029612917
1.2763380253518244,-4.143661974648177,1.2763380253518244,1.2763380253518244
1.2761395096052797,-4.143860490394721,1.2761395096052797,1.2761395096052797
1.2759504949061664,-4.142799505093834,1.2759504949061664,1.2759504949061664
1.2757582236494822,-4.141741776350518,1.2757582236494822,1.2757582236494822
1.27557329164074,-4.141926708359261,1.27557329164074,1.27557329164074
1.2753964880841373,-4.140853511915864,1.2753964880841373,1.2753964880841373
1.2752261044830346,-4.141023895516966,1.2752261044830346,1.2752261044830346
1.2750570784075046,-4.139942921592496,1.2750570784075046,1.2750570784075046
1.2748941097768536,-4.140105890223149,1.2748941097768536,1.2748941097768536
1.2747404681578953,-4.139009531842106,1.2747404681578953,1.2747404681578953
1.27458553972646,-4.1379144602735405,1.27458553972646,1.27458553972646
1.2744372107283977,-4.138062789271603,1.2744372107283977,1.2744372107283977
1.2742985090214618,-4.138201490978539,1.2742985090214618,1.2742985090214618
1.2741658684184536,-4.137084131581547,1.2741658684184536,1.2741658684184536
1.2740386091159661,-4.137211390884034,1.2740386091159661,1.2740386091159661
1.273919609817202,-4.1373303901827985,1.273919609817202,1.273919609817202
1.273806247081756,-4.134943752918245,1.273806247081756,1.273806247081756
1.2736943218899122,-4.1350556781100885,1.2736943218899122,1.2736943218899122
1.2735859196264807,-4.13391408037352,1.2735859196264807,1.2735859196264807
1.27347942104415,-4.134020578955851,1.27347942104415,1.27347942104415
1.2733781701167697,-4.132871829883231,1.2733781701167697,1.2733781701167697
1.2732800779607512,-4.13296992203925,1.2732800779607512,1.2732800779607512
1.2731883527661303,-4.133061647233871,1.2731883527661303,1.2731883527661303
1.2731011347084307,-4.13314886529157,1.2731011347084307,1.2731011347084307
1.2730167681250435,-4.131983231874957,1.2730167681250435,1.2730167681250435
1.2729327299924127,-4.130817270007589,1.2729327299924127,1.2729327299924127
1.2728493277797592,-4.130900672220242,1.2728493277797592,1.2728493277797592
1.2727681693543151,-4.130981830645686,1.2727681693543151,1.2727681693543151
1.2726889512099453,-4.129811048790056,1.2726889512099453,1.2726889512099453
1.2726073055375318,-4.128642694462469,1.2726073055375318,1.2726073055375318
1.2725269374421682,-4.1287230625578335,1.2725269374421682,1.2725269374421682
1.272451785499507,-4.128798214500494,1.272451785499507,1.272451785499507
1.2723815111752388,-4.128868488824763,1.2723815111752388,1.2723815111752388
1.2723157979058104,-4.1289342020941895,1.2723157979058104,1.2723157979058104
1.2722543496725107,-4.12899565032749,1.2722543496725107,1.2722543496725107
1.2721968896681062,-4.129053110331895,1.2721968896681062,1.2721968896681062
1.2721414037094596,-4.127858596290541,1.2721414037094596,1.2721414037094596
1.2720873096945864,-4.127912690305415,1.2720873096945864,1.2720873096945864
1.2720362254304385,-4.127963774569563,1.2720362254304385,1.2720362254304385
1.2719884567585886,-4.128011543241413,1.2719884567585886,1.2719884567585886
1.271943788491629,-4.1280562115083725,1.271943788491629,1.271943788491629
1.2719020194073858,-4.128097980592615,1.2719020194073858,1.2719020194073858
1.2718626278044787,-4.126887372195522,1.2718626278044787,1.2718626278044787
1.2718224471725506,-4.125677552827451,1.2718224471725506,1.2718224471725506
1.2717823108362618,-4.125717689163739,1.2717823108362618,1.2717823108362618
1.271742914161654,-4.125757085838346,1.271742914161654,1.271742914161654
1.2716960936765476,-4.127053906323454,1.2716960936765476,1.2716960936765476
1.2716451607975412,-4.12835483920246,1.2716451607975412,1.2716451607975412
1.271590283734077,-4.129659716265924,1.271590283734077,1.271590283734077
1.2715317737150562,-4.130968226284946,1.2715317737150562,1.2715317737150562
1.2714692080045913,-4.13103079199541,1.2714692080045913,1.2714692080045913
1.271401573504853,-4.132348426495149,1.271401573504853,1.271401573504853
1.2713318950702215,-4.13366810492978,1.2713318950702215,1.2713318950702215
1.2712607348360767,-4.134989265163925,1.2712607348360767,1.2712607348360767
1.2711886723274053,-4.136311327672596,1.2711886723274053,1.2711886723274053
1.2711154542645322,-4.136384545735469,1.2711154542645322,1.2711154542645322
1.2710448566331558,-4.137705143366845,1.2710448566331558,1.2710448566331558
1.2709733934586647,-4.137776606541337,1.2709733934586647,1.2709733934586647
1.2708972003975794,-4.137852799602422,1.2708972003975794,1.2708972003975794
1.2708247743946495,-4.139175225605351,1.2708247743946495,1.2708247743946495
1.2707513587608958,-4.139248641239105,1.2707513587608958,1.2707513587608958
1.2706748794172744,-4.139325120582727,1.2706748794172744,1.2706748794172744
1.2705958194114206,-4.13940418058858,1.2705958194114206,1.2705958194114206
1.2705206915920515,-4.14072930840795,1.2705206915920515,1.2705206915920515
1.2704457578892756,-4.140804242110725,1.2704457578892756,1.2704457578892756
1.2703702538454487,-4.140879746154552,1.2703702538454487,1.2703702538454487
1.2702899075711211,-4.14096009242888,1.2702899075711211,1.2702899075711211
1.270214773575143,-4.141035226424858,1.270214773575143,1.270214773575143
1.2701428134597992,-4.142357186540202,1.2701428134597992,1.2701428134597992
1.270071552659572,-4.14117844734043,1.270071552659572,1.270071552659572
1.2699999766881818,-4.14000002331182,1.2699999766881818,1.2699999766881818
1.2699262897786996,-4.141323710221301,1.2699262897786996,1.2699262897786996
1.2698533785778718,-4.142646621422129,1.2698533785778718,1.2698533785778718
1.2697813382827292,-4.143968661717272,1.2697813382827292,1.2697813382827292
1.269709235690828,-4.144040764309173,1.269709235690828,1.269709235690828
1.2696404736735016,-4.1428595263265,1.2696404736735016,1.2696404736735016
1.2695719924699949,-4.142928007530006,1.2695719924699949,1.2695719924699949
1.26950795295119,-4.142992047048811,1.26950795295119,1.26950795295119
1.2694480672193027,-4.143051932780699,1.2694480672193027,1.2694480672193027
1.2693920660125555,-4.143107933987445,1.2693920660125555,1.2693920660125555
1.2693394529649955,-4.141910547035005,1.2693394529649955,1.2693394529649955
1.2692855646912107,-4.1419644353087905,1.2692855646912107,1.2692855646912107
1.2692351723815885,-4.1420148276184126,1.2692351723815885,1.2692351723815885
1.2691880493403649,-4.142061950659636,1.2691880493403649,1.2691880493403649
1.2691439835587444,-4.142106016441257,1.2691439835587444,1.2691439835587444
1.2691025139632899,-4.140897486036711,1.2691025139632899,1.2691025139632899
1.2690607920217776,-4.1409392079782235,1.2690607920217776,1.2690607920217776
1.2690196506483944,-4.139730349351606,1.2690196506483944,1.2690196506483944
1.2689788467900363,-4.139771153209965,1.2689788467900363,1.2689788467900363
1.268940690772669,-4.139809309227331,1.268940690772669,1.268940690772669
1.2689050108096136,-4.1398449891903875,1.2689050108096136,1.2689050108096136
1.2688716462548617,-4.139878353745139,1.2688716462548617,1.2688716462548617
1.2688404468811616,-4.13990955311884,1.2688404468811616,1.2688404468811616
1.2688112722048035,-4.139938727795197,1.2688112722048035,1.2688112722048035
1.2687824341149585,-4.1387175658850435,1.2687824341149585,1.2687824341149585
1.2687532263025725,-4.138746773697428,1.2687532263025725,1.2687532263025725
1.2687259140004907,-4.13877408599951,1.2687259140004907,1.2687259140004907
1.2687003742131766,-4.138799625786824,1.2687003742131766,1.2687003742131766
1.2686757599024432,-4.138824240097558,1.2686757599024432,1.2686757599024432
1.2686507805092968,-4.138849219490704,1.2686507805092968,1.2686507805092968
1.2686261361470135,-4.138873863852988,1.2686261361470135,1.2686261361470135
1.26860309125171,-4.138896908748292,1.26860309125171,1.26860309125171
1.268581330621977,-4.137668669378024,1.268581330621977,1.268581330621977
1.2685580708064481,-4.1376919291935526,1.2685580708064481,1.2685580708064481
1.2685363206011802,-4.1377136793988205,1.2685363206011802,1.2685363206011802
1.2685159820381962,-4.1377340179618045,1.2685159820381962,1.2685159820381962
1.2684967430322807,-4.137753256967721,1.2684967430322807,1.2684967430322807
1.2684779162406294,-4.137772083759372,1.2684779162406294,1.2684779162406294
1.2684603113662796,-4.137789688633721,1.2684603113662796,1.2684603113662796
1.2684438491090715,-4.137806150890929,1.2684438491090715,1.2684438491090715
1.268428455314587,-4.137821544685414,1.268428455314587,1.268428455314587
1.2684140606403285,-4.137835939359673,1.2684140606403285,1.2684140606403285
1.2684006002435413,-4.13784939975646,1.2684006002435413,1.2684006002435413
1.268387271693499,-4.136612728306503,1.268387271693499,1.268387271693499
1.2683729190966073,-4.136627080903394,1.2683729190966073,1.2683729190966073
1.2683594068199955,-4.135390593180006,1.2683594068199955,1.2683594068199955
1.2683453235271034,-4.1354046764728984,1.2683453235271034,1.2683453235271034
1.2683321543416812,-4.13541784565832,1.2683321543416812,1.2683321543416812
1.2683198399334552,-4.135430160066546,1.2683198399334552,1.2683198399334552
1.2683069301049879,-4.1366930698950135,1.2683069301049879,1.2683069301049879
1.268292773635908,-4.136707226364093,1.268292773635908,1.268292773635908
1.2682795360389032,-4.136720463961098,1.2682795360389032,1.2682795360389032
1.268266627728296,-4.1367333722717055,1.268266627728296,1.268266627728296
1.2682530749975782,-4.136746925002423,1.2682530749975782,1.2682530749975782
1.2682401519944897,-4.138009848005511,1.2682401519944897,1.2682401519944897
1.2682245125354954,-4.138025487464505,1.2682245125354954,1.2682245125354954
1.2682090242854525,-4.135540975714548,1.2682090242854525,1.2682090242854525
1.2681919758103597,-4.135558024189642,1.2681919758103597,1.2681919758103597
1.2681760338273305,-4.135573966172671,1.2681760338273305,1.2681760338273305
1.2681611265276893,-4.135588873472312,1.2681611265276893,1.2681611265276893
1.2681456620039078,-4.136854337996094,1.2681456620039078,1.2681456620039078
1.268128757019794,-4.136871242980207,1.268128757019794,1.268128757019794
1.2681129491921195,-4.136887050807881,1.2681129491921195,1.2681129491921195
1.2680981673208942,-4.136901832679107,1.2680981673208942,1.2680981673208942
1.2680843448258439,-4.136915655174157,1.2680843448258439,1.2680843448258439
1.268071388947812,-4.138178611052189,1.268071388947812,1.268071388947812
1.268055606999788,-4.138194393000213,1.268055606999788,1.268055606999788
1.2680408493132205,-4.13820915068678,1.2680408493132205,1.2680408493132205
1.2680270494197077,-4.138222950580293,1.2680270494197077,1.2680270494197077
1.2680141451634235,-4.138235854836577,1.2680141451634235,1.2680141451634235
1.2680020784214117,-4.138247921578589,1.2680020784214117,1.2680020784214117
1.2679907948420075,-4.138259205157993,1.2679907948420075,1.2679907948420075
1.2679791150817443,-4.138270884918256,1.2679791150817443,1.2679791150817443
1.2679641356770741,-4.138285864322927,1.2679641356770741,1.2679641356770741
1.2679501285272408,-4.138299871472761,1.2679501285272408,1.2679501285272408
1.2679370305301267,-4.138312969469874,1.2679370305301267,1.2679370305301267
1.2679247826787536,-4.138325217321248,1.2679247826787536,1.2679247826787536
1.2679133297955638,-4.138336670204437,1.2679133297955638,1.2679133297955638
1.267902620283941,-4.13834737971606,1.267902620283941,1.267902620283941
1.2678925251432411,-4.13960747485676,1.2678925251432411,1.2678925251432411
1.267880127562504,-4.139619872437497,1.267880127562504,1.267880127562504
1.267868534656564,-4.139631465343437,1.267868534656564,1.267868534656564
1.2678576942001385,-4.139642305799862,1.2678576942001385,1.2678576942001385
1.2678475573571664,-4.139652442642834,1.2678475573571664,1.2678475573571664
1.2678380784608996,-4.139661921539101,1.2678380784608996,1.2678380784608996
1.2678292148082568,-4.139670785191745,1.2678292148082568,1.2678292148082568
1.2678209264675195,-4.1396790735324815,1.2678209264675195,1.2678209264675195
1.2678131760985003,-4.139686823901501,1.2678131760985003,1.2678131760985003
1.2678059076907076,-4.140944092309294,1.2678059076907076,1.2678059076907076
1.26779557647451,-4.139704423525491,1.26779557647451,1.26779557647451
1.2677837853703846,-4.139716214629617,1.2677837853703846,1.2677837853703846
1.267772759518699,-4.139727240481302,1.267772759518699,1.267772759518699
1.267762449258981,-4.139737550741019,1.267762449258981,1.267762449258981
1.267752808152858,-4.139747191847143,1.267752808152858,1.267752808152858
1.2677432313704249,-4.1385067686295764,1.2677432313704249,1.2677432313704249
1.267733483151238,-4.137266516848763,1.267733483151238,1.267733483151238
1.2677222675132267,-4.137277732486774,1.2677222675132267,1.2677222675132267
1.2677117798344704,-4.13728822016553,1.2677117798344704,1.2677117798344704
1.2677018036626484,-4.138548196337352,1.2677018036626484,1.2677018036626484
1.267689983948207,-4.138560016051794,1.267689983948207,1.267689983948207
1.267678931403613,-4.138571068596388,1.267678931403613,1.267678931403613
1.267668506366409,-4.139831493633592,1.267668506366409,1.267668506366409
1.2676578065168265,-4.139842193483174,1.2676578065168265,1.2676578065168265
1.2676478011865815,-4.13985219881342,1.2676478011865815,1.2676478011865815
1.2676384452956166,-4.139861554704384,1.2676384452956166,1.2676384452956166
1.2676296966898724,-4.139870303310128,1.2676296966898724,1.2676296966898724
1.2676215159513757,-4.139878484048626,1.2676215159513757,1.2676215159513757
1.2676138662206586,-4.139886133779342,1.2676138662206586,1.2676138662206586
1.2676067130306976,-4.139893286969303,1.2676067130306976,1.2676067130306976
1.2676000241516339,-4.139899975848367,1.2676000241516339,1.2676000241516339
1.2675932191558412,-4.14115678084416,1.2675932191558412,1.2675932191558412
1.2675852540986958,-4.141164745901305,1.2675852540986958,1.2675852540986958
1.2675778060388996,-4.1411721939611015,1.2675778060388996,1.2675778060388996
1.2675708414199587,-4.141179158580043,1.2675708414199587,1.2675708414199587
1.2675643288633214,-4.14118567113668,1.2675643288633214,1.2675643288633214
1.2675581151086062,-4.141191884891395,1.2675581151086062,1.2675581151086062
1.267551871379577,-4.141198128620424,1.267551871379577,1.267551871379577
1.2675460329327963,-4.141203967067204,1.2675460329327963,1.2675460329327963
1.267540573461429,-4.141209426538572,1.267540573461429,1.267540573461429
1.2675351912374324,-4.139964808762568,1.2675351912374324,1.2675351912374324
1.267529208630051,-4.13997079136995,1.267529208630051,1.267529208630051
1.267523614336053,-4.139976385663948,1.267523614336053,1.267523614336053
1.2675183831520902,-4.13998161684791,1.2675183831520902,1.2675183831520902
1.2675134915105248,-4.139986508489476,1.2675134915105248,1.2675134915105248
1.2675089173732863,-4.139991082626715,1.2675089173732863,1.2675089173732863
1.2675046401326087,-4.139995359867392,1.2675046401326087,1.2675046401326087
1.2675003764565704,-4.14124962354343,1.2675003764565704,1.2675003764565704
1.267495066532325,-4.1412549334676765,1.267495066532325,1.267495066532325
1.267489733727124,-4.141260266272877,1.267489733727124,1.267489733727124
1.2674835335633658,-4.141266466436636,1.2674835335633658,1.2674835335633658
1.2674777358326375,-4.141272264167363,1.2674777358326375,1.2674777358326375
1.267472314415215,-4.141277685584786,1.267472314415215,1.267472314415215
1.2674672448865647,-4.141282755113436,1.2674672448865647,1.2674672448865647
1.2674625044073342,-4.141287495592667,1.2674625044073342,1.2674625044073342
1.267458071620482,-4.14129192837952,1.267458071620482,1.267458071620482
1.2674539265550806,-4.14129607344492,1.2674539265550806,1.2674539265550806
1.2674500505363642,-4.141299949463637,1.2674500505363642,1.2674500505363642
1.2674464261016092,-4.141303573898392,1.2674464261016092,1.2674464261016092
1.2674430369214773,-4.141306963078524,1.2674430369214773,1.2674430369214773
1.267439867726459,-4.141310132273542,1.267439867726459,1.267439867726459
1.2674369042380929,-4.141313095761909,1.2674369042380929,1.2674369042380929
1.2674341331046468,-4.141315866895354,1.2674341331046468,1.2674341331046468
1.2674315418409723,-4.141318458159029,1.2674315418409723,1.2674315418409723
1.267429118772265,-4.1413208812277365,1.267429118772265,1.267429118772265
1.26742685298147,-4.1413231470185305,1.26742685298147,1.26742685298147
1.2674247342601057,-4.141325265739896,1.2674247342601057,1.2674247342601057
1.2674227530622737,-4.141327246937727,1.2674227530622737,1.2674227530622737
1.2674209004616577,-4.141329099538344,1.2674209004616577,1.2674209004616577
1.2674191681113096,-4.141330831888691,1.2674191681113096,1.2674191681113096
1.2674175205671177,-4.142582479432884,1.2674175205671177,1.2674175205671177
1.2674149641628278,-4.142585035837174,1.2674149641628278,1.2674149641628278
1.2674125621418768,-4.141337437858125,1.2674125621418768,1.2674125621418768
1.267409368146184,-4.141340631853817,1.267409368146184,1.267409368146184
1.2674063814670617,-4.1413436185329395,1.2674063814670617,1.2674063814670617
1.2674035886482675,-4.1413464113517335,1.2674035886482675,1.2674035886482675
1.2674009771069268,-4.141349022893074,1.2674009771069268,1.2674009771069268
1.2673984506505964,-4.140101549349405,1.2673984506505964,1.2673984506505964
1.2673952829488062,-4.140104717051194,1.2673952829488062,1.2673952829488062
1.2673923208433053,-4.140107679156696,1.2673923208433053,1.2673923208433053
1.2673895509909063,-4.140110449009095,1.2673895509909063,1.2673895509909063
1.2673869609143078,-4.140113039085693,1.2673869609143078,1.2673869609143078
1.2673845389459124,-4.140115461054089,1.2673845389459124,1.2673845389459124
1.26738227417529,-4.140117725824712,1.26738227417529,1.26738227417529
1.2673801564000486,-4.140119843599953,1.2673801564000486,1.2673801564000486
1.2673781760798941,-4.140121823920107,1.2673781760798941,1.2673781760798941
1.2673763242936673,-4.140123675706334,1.2673763242936673,1.2673763242936673
1.267374592699168,-4.1401254073008324,1.267374592699168,1.267374592699168
1.26737297349559,-4.140127026504411,1.26737297349559,1.26737297349559
1.2673714593883871,-4.140128540611614,1.2673714593883871,1.2673714593883871
1.2673700435564226,-4.1401299564435785,1.2673700435564226,1.2673700435564226
1.2673687196212475,-4.140131280378753,1.2673687196212475,1.2673687196212475
1.2673673767679507,-4.138882623232051,1.2673673767679507,1.2673673767679507
1.2673655345300254,-4.1388844654699755,1.2673655345300254,1.2673655345300254
1.267363811867256,-4.138886188132745,1.267363811867256,1.267363811867256
1.2673622010185341,-4.138887798981466,1.2673622010185341,1.2673622010185341
1.2673606947264688,-4.1388893052735325,1.2673606947264688,1.2673606947264688
1.2673592862046958,-4.1388907137953055,1.2673592862046958,1.2673592862046958
1.2673579691073087,-4.138892030892692,1.2673579691073087,1.2673579691073087
1.2673567375002743,-4.138893262499726,1.2673567375002743,1.2673567375002743
1.2673555858347012,-4.1388944141653,1.2673555858347012,1.2673555858347012
1.2673545089218445,-4.138895491078157,1.2673545089218445,1.2673545089218445
1.2673535019097333,-4.138896498090268,1.2673535019097333,1.2673535019097333
1.2673525602613114,-4.13889743973869,1.2673525602613114,1.2673525602613114
1.2673516797340012,-4.138898320266,1.2673516797340012,1.2673516797340012
1.2673508158362914,-4.140149184163709,1.2673508158362914,1.2673508158362914
1.2673493330233794,-4.140150666976622,1.2673493330233794,1.2673493330233794
1.2673479464550956,-4.140152053544905,1.2673479464550956,1.2673479464550956
1.2673466498847183,-4.140153350115283,1.2673466498847183,1.2673466498847183
1.267345437470946,-4.140154562529055,1.267345437470946,1.267345437470946
1.2673443037515877,-4.140155696248414,1.2673443037515877,1.2673443037515877
1.2673432436189587,-4.140156756381042,1.2673432436189587,1.2673432436189587
1.2673422522968751,-4.140157747703126,1.2673422522968751,1.2673422522968751
1.2673413226587122,-4.141408677341289,1.2673413226587122,1.2673413226587122
1.2673401270123712,-4.14140987298763,1.2673401270123712,1.2673401270123712
1.2673390089621754,-4.141410991037826,1.2673390089621754,1.2673390089621754
1.2673379634727142,-4.141412036527287,1.2673379634727142,1.2673379634727142
1.2673369858352874,-4.141413014164714,1.2673369858352874,1.2673369858352874
1.2673360716467124,-4.141413928353289,1.2673360716467124,1.2673360716467124
1.267335216789505,-4.141414783210496,1.267335216789505,1.267335216789505
1.2673344174133474,-4.141415582586653,1.2673344174133474,1.2673344174133474
1.2673336699177564,-4.1414163300822455,1.2673336699177564,1.2673336699177564
1.267332970935875,-4.141417029064126,1.267332970935875,1.267332970935875
1.2673323173193163,-4.141417682680685,1.2673323173193163,1.2673323173193163
1.267331706123991,-4.1414182938760105,1.267331706123991,1.267331706123991
1.2673311345968516,-4.141418865403149,1.2673311345968516,1.2673311345968516
1.2673306001634987,-4.1414193998365025,1.2673306001634987,1.2673306001634987
1.26733010041659,-4.141419899583411,1.26733010041659,1.26733010041659
1.2673296331050015,-4.141420366895,1.2673296331050015,1.2673296331050015
1.2673291961236912,-4.14142080387631,1.2673291961236912,1.2673291961236912
1.267328787504222,-4.1414212124957785,1.267328787504222,1.267328787504222
1.2673284054058978,-4.141421594594104,1.2673284054058978,1.2673284054058978
1.2673280481074725,-4.141421951892529,1.2673280481074725,1.2673280481074725
1.2673277139994037,-4.141422286000598,1.2673277139994037,1.2673277139994037
1.2673274015766,-4.141422598423401,1.2673274015766,1.2673274015766
1.2673271094316476,-4.141422890568354,1.2673271094316476,1.2673271094316476
1.2673268362484686,-4.141423163751532,1.2673268362484686,1.2673268362484686
1.2673265807963956,-4.141423419203605,1.2673265807963956,1.2673265807963956
1.2673263419246297,-4.141423658075371,1.2673263419246297,1.2673263419246297
1.2673261185570577,-4.141423881442943,1.2673261185570577,1.2673261185570577
1.2673259096874043,-4.141424090312597,1.2673259096874043,1.2673259096874043
1.2673257143747017,-4.1414242856253,1.2673257143747017,1.2673257143747017
1.2673255248548498,-4.140174475145152,1.2673255248548498,1.2673255248548498
1.2673248372841155,-4.140175162715886,1.2673248372841155,1.2673248372841155
1.2673241943317326,-4.140175805668269,1.2673241943317326,1.2673241943317326
1.2673235931027038,-4.140176406897297,1.2673235931027038,1.2673235931027038
1.2673230308898282,-4.140176969110173,1.2673230308898282,1.2673230308898282
1.2673225051615242,-4.140177494838476,1.2673225051615242,1.2673225051615242
1.267322013550441,-4.14017798644956,1.267322013550441,1.267322013550441
1.2673215335435222,-4.138928466456479,1.2673215335435222,1.2673215335435222
1.2673204796109547,-4.138929520389047,1.2673204796109547,1.2673204796109547
1.267319494083726,-4.138930505916275,1.267319494083726,1.267319494083726
1.2673185725222222,-4.138931427477779,1.2673185725222222,1.2673185725222222
1.267317710774945,-4.138932289225056,1.267317710774945,1.267317710774945
1.2673169049598145,-4.138933095040187,1.2673169049598145,1.2673169049598145
1.2673161514466895,-4.138933848553311,1.2673161514466895,1.2673161514466895
1.267315446841017,-4.138934553158984,1.267315446841017,1.267315446841017
1.267314787968545,-4.138935212031456,1.267314787968545,1.267314787968545
1.2673141718610281,-4.138935828138973,1.2673141718610281,1.2673141718610281
1.2673135957428585,-4.138936404257143,1.2673135957428585,1.2673135957428585
1.2673130570185647,-4.138936942981436,1.2673130570185647,1.2673130570185647
1.2673125532611227,-4.138937446738878,1.2673125532611227,1.2673125532611227
1.2673120822010233,-4.138937917798977,1.2673120822010233,1.2673120822010233
1.267311641716053,-4.138938358283948,1.267311641716053,1.267311641716053
1.267311229821731,-4.13893877017827,1.267311229821731,1.267311229821731
1.2673108446623744,-4.138939155337626,1.2673108446623744,1.2673108446623744
1.2673104845027376,-4.138939515497264,1.2673104845027376,1.2673104845027376
1.2673101477201973,-4.138939852279805,1.2673101477201973,1.2673101477201973
1.267309832797443,-4.138940167202558,1.267309832797443,1.267309832797443
1.2673095383156423,-4.138940461684359,1.2673095383156423,1.2673095383156423
1.2673092629480502,-4.13894073705195,1.2673092629480502,1.2673092629480502
1.2673090054540324,-4.138940994545969,1.2673090054540324,1.2673090054540324
1.2673087185566834,-4.140191281443318,1.2673087185566834,1.2673087185566834
1.26730804372473,-4.140191956275271,1.26730804372473,1.26730804372473
1.2673074126906914,-4.1401925873093095,1.2673074126906914,1.2673074126906914
1.2673068226121995,-4.140193177387802,1.2673068226121995,1.2673068226121995
1.2673062708313276,-4.140193729168674,1.2673062708313276,1.2673062708313276
1.2673057548626243,-4.140194245137376,1.2673057548626243,1.2673057548626243
1.2673052723819245,-4.140194727618077,1.2673052723819245,1.2673052723819245
1.2673048212158826,-4.1401951787841185,1.2673048212158826,1.2673048212158826
1.267304399332189,-4.140195600667811,1.267304399332189,1.267304399332189
1.267304004830419,-4.140195995169583,1.267304004830419,1.267304004830419
1.267303635933473,-4.140196364066528,1.267303635933473,1.267303635933473
1.267303290979578,-4.140196709020422,1.267303290979578,1.267303290979578
1.2673029684148027,-4.140197031585198,1.2673029684148027,1.2673029684148027
1.2673026667860585,-4.140197333213942,1.2673026667860585,1.2673026667860585
1.2673023847345593,-4.140197615265442,1.2673023847345593,1.2673023847345593
1.2673021209896989,-4.1401978790103025,1.2673021209896989,1.2673021209896989
1.2673018743633317,-4.140198125636669,1.2673018743633317,1.2673018743633317
1.2673016437444193,-4.140198356255581,1.2673016437444193,1.2673016437444193
1.2673014280940298,-4.140198571905971,1.2673014280940298,1.2673014280940298
1.2673012264406558,-4.140198773559345,1.2673012264406558,1.2673012264406558
1.2673010378758398,-4.140198962124161,1.2673010378758398,1.2673010378758398
1.267300861550085,-4.1401991384499155,1.267300861550085,1.267300861550085
1.2673006966690255,-4.140199303330975,1.2673006966690255,1.2673006966690255
1.267300542489851,-4.14019945751015,1.267300542489851,1.267300542489851
1.2673003983179594,-4.140199601682042,1.2673003983179594,1.2673003983179594
1.2673002635038313,-4.14019973649617,1.2673002635038313,1.2673002635038313
1.2673001374400998,-4.1401998625599,1.2673001374400998,1.2673001374400998
1.2673000195588195,-4.1401999804411815,1.2673000195588195,1.2673000195588195
1.2672999093289041,-4.140200090671097,1.2672999093289041,1.2672999093289041
1.267299806253738,-4.140200193746264,1.267299806253738,1.267299806253738
1.2672997098689354,-4.140200290131066,1.2672997098689354,1.2672997098689354
1.2672996197402526,-4.140200380259749,1.2672996197402526,1.2672996197402526
1.2672995354616283,-4.140200464538372,1.2672995354616283,1.2672995354616283
1.2672994566533577,-4.140200543346643,1.2672994566533577,1.2672994566533577
1.267299382960379,-4.140200617039622,1.267299382960379,1.267299382960379
1.2672993140506756,-4.140200685949326,1.2672993140506756,1.2672993140506756
1.2672992496137807,-4.140200750386221,1.2672992496137807,1.2672992496137807
1.267299189359378,-4.140200810640623,1.267299189359378,1.267299189359378
1.2672991330159946,-4.1402008669840065,1.2672991330159946,1.2672991330159946
1.267299080329777,-4.140200919670224,1.267299080329777,1.267299080329777
1.2672990310633483,-4.140200968936653,1.2672990310633483,1.2672990310633483
1.2672989849947387,-4.140201015005263,1.2672989849947387,1.2672989849947387
1.2672989419163856,-4.1402010580836155,1.2672989419163856,1.2672989419163856
1.2672989016341987,-4.140201098365802,1.2672989016341987,1.2672989016341987
1.2672988639666842,-4.140201136033316,1.2672988639666842,1.2672988639666842
1.2672988287441302,-4.140201171255871,1.2672988287441302,1.2672988287441302
1.2672987958078386,-4.140201204192163,1.2672987958078386,1.2672987958078386
1.2672987650094125,-4.140201234990588,1.2672987650094125,1.2672987650094125
1.267298736210087,-4.140201263789915,1.267298736210087,1.267298736210087
1.267298709280104,-4.140201290719897,1.267298709280104,1.267298709280104
1.2672986840981268,-4.140201315901875,1.2672986840981268,1.2672986840981268
1.267298660550696,-4.1402013394493045,1.267298660550696,1.267298660550696
1.2672986385317149,-4.140201361468286,1.2672986385317149,1.2672986385317149
1.267298617941974,-4.140201382058027,1.267298617941974,1.267298617941974
1.2672985986887033,-4.140201401311298,1.2672985986887033,1.2672985986887033
1.267298580685154,-4.140201419314847,1.267298580685154,1.267298580685154
1.2672985638502081,-4.140201436149793,1.2672985638502081,1.2672985638502081
1.2672985481080126,-4.140201451891988,1.2672985481080126,1.2672985481080126
1.2672985333876388,-4.140201466612362,1.2672985333876388,1.2672985333876388
1.2672985196227606,-4.1402014803772405,1.2672985196227606,1.2672985196227606
1.2672985067513576,-4.140201493248644,1.2672985067513576,1.2672985067513576
1.267298494715435,-4.1402015052845655,1.267298494715435,1.267298494715435
1.267298483460763,-4.140201516539237,1.267298483460763,1.267298483460763
1.2672984729366303,-4.140201527063371,1.2672984729366303,1.2672984729366303
1.2672984630956188,-4.1402015369043825,1.2672984630956188,1.2672984630956188
1.267298453893387,-4.140201546106614,1.267298453893387,1.267298453893387
1.267298445288472,-4.1402015547115285,1.267298445288472,1.267298445288472
1.2672984372421023,-4.140201562757898,1.2672984372421023,1.2672984372421023
1.2672984297180236,-4.140201570281977,1.2672984297180236,1.2672984297180236
1.2672984226823334,-4.140201577317668,1.2672984226823334,1.2672984226823334
1.2672984161033307,-4.14020158389667,1.2672984161033307,1.2672984161033307
1.2672984099513722,-4.140201590048629,1.2672984099513722,1.2672984099513722
1.2672984041987387,-4.140201595801262,1.2672984041987387,1.2672984041987387
1.2672983988195097,-4.140201601180491,1.2672983988195097,1.2672983988195097
1.2672983937894478,-4.140201606210553,1.2672983937894478,1.2672983937894478
1.2672983890858884,-4.140201610914112,1.2672983890858884,1.2672983890858884
1.267298384687639,-4.140201615312362,1.267298384687639,1.267298384687639
1.267298380574881,-4.14020161942512,1.267298380574881,1.267298380574881
1.2672983767290833,-4.140201623270918,1.2672983767290833,1.2672983767290833
1.267298373132918,-4.140201626867083,1.267298373132918,1.267298373132918
1.2672983697701812,-4.14020163022982,1.2672983697701812,1.2672983697701812
1.267298366625721,-4.1402016333742795,1.267298366625721,1.267298366625721
1.267298363685369,-4.140201636314632,1.267298363685369,1.267298363685369
1.2672983609358763,-4.140201639064124,1.2672983609358763,1.2672983609358763
1.2672983583648547,-4.140201641635146,1.2672983583648547,1.2672983583648547
1.2672983559607194,-4.140201644039282,1.2672983559607194,1.2672983559607194
1.2672983537126379,-4.1402016462873625,1.2672983537126379,1.2672983537126379
1.26729835161048,-4.140201648389521,1.26729835161048,1.26729835161048
1.2672983496447745,-4.140201650355227,1.2672983496447745,1.2672983496447745
1.2672983478066642,-4.140201652193337,1.2672983478066642,1.2672983478066642
1.2672983460878664,-4.1402016539121345,1.2672983460878664,1.2672983460878664
1.2672983444806372,-4.140201655519364,1.2672983444806372,1.2672983444806372
1.2672983429777336,-4.140201657022268,1.2672983429777336,1.2672983429777336
1.2672983415723849,-4.140201658427616,1.2672983415723849,1.2672983415723849
1.2672983402582578,-4.140201659741743,1.2672983402582578,1.2672983402582578
1.2672983390294317,-4.140201660970569,1.2672983390294317,1.2672983390294317
1.2672983378803695,-4.140201662119631,1.2672983378803695,1.2672983378803695
1.2672983368058939,-4.140201663194107,1.2672983368058939,1.2672983368058939
1.2672983358011627,-4.1402016641988375,1.2672983358011627,1.2672983358011627
1.2672983348616498,-4.140201665138352,1.2672983348616498,1.2672983348616498
1.2672983339831212,-4.14020166601688,1.2672983339831212,1.2672983339831212
1.267298333161618,-4.140201666838383,1.267298333161618,1.267298333161618
1.26729833239344,-4.140201667606561,1.26729833239344,1.26729833239344
1.2672983316751245,-4.140201668324877,1.2672983316751245,1.2672983316751245
1.2672983310034354,-4.140201668996566,1.2672983310034354,1.2672983310034354
1.2672983303753462,-4.140201669624655,1.2672983303753462,1.2672983303753462
1.2672983297880267,-4.140201670211974,1.2672983297880267,1.2672983297880267
1.2672983292388307,-4.14020167076117,1.2672983292388307,1.2672983292388307
1.2672983287252833,-4.140201671274717,1.2672983287252833,1.2672983287252833
1.2672983282450707,-4.140201671754931,1.2672983282450707,1.2672983282450707
1.267298327796029,-4.140201672203972,1.267298327796029,1.267298327796029
1.267298327376135,-4.140201672623866,1.267298327376135,1.267298327376135
1.2672983269834965,-4.140201673016504,1.2672983269834965,1.2672983269834965
1.2672983266163447,-4.140201673383656,1.2672983266163447,1.2672983266163447
1.2672983262730249,-4.140201673726977,1.2672983262730249,1.2672983262730249
1.26729832595199,-4.1402016740480105,1.26729832595199,1.26729832595199
1.2672983256517942,-4.140201674348207,1.2672983256517942,1.2672983256517942
1.2672983253710843,-4.1402016746289165,1.2672983253710843,1.2672983253710843
1.2672983251085952,-4.140201674891406,1.2672983251085952,1.2672983251085952
1.2672983248631449,-4.140201675136857,1.2672983248631449,1.2672983248631449
1.2672983246336267,-4.140201675366375,1.2672983246336267,1.2672983246336267
1.2672983244190068,-4.140201675580994,1.2672983244190068,1.2672983244190068
1.267298324218318,-4.140201675781682,1.267298324218318,1.267298324218318
1.2672983240306561,-4.140201675969345,1.2672983240306561,1.2672983240306561
1.2672983238551756,-4.140201676144826,1.2672983238551756,1.2672983238551756
1.2672983236910855,-4.140201676308915,1.2672983236910855,1.2672983236910855
1.2672983235376467,-4.140201676462354,1.2672983235376467,1.2672983235376467
1.267298323394168,-4.140201676605834,1.267298323394168,1.267298323394168
1.2672983232600024,-4.1402016767399985,1.2672983232600024,1.2672983232600024
1.2672983231345456,-4.1402016768654555,1.2672983231345456,1.2672983231345456
1.2672983230172323,-4.140201676982769,1.2672983230172323,1.2672983230172323
1.2672983229075339,-4.140201677092467,1.2672983229075339,1.2672983229075339
1.2672983228049564,-4.140201677195045,1.2672983228049564,1.2672983228049564
1.2672983227090369,-4.140201677290964,1.2672983227090369,1.2672983227090369
1.267298322619344,-4.140201677380658,1.267298322619344,1.267298322619344
1.2672983225354728,-4.140201677464528,1.2672983225354728,1.2672983225354728
1.267298322457046,-4.140201677542955,1.267298322457046,1.267298322457046
1.2672983223837098,-4.140201677616291,1.2672983223837098,1.2672983223837098
1.267298322315134,-4.140201677684868,1.267298322315134,1.267298322315134
1.2672983222510092,-4.140201677748991,1.2672983222510092,1.2672983222510092
1.2672983221910472,-4.140201677808953,1.2672983221910472,1.2672983221910472
1.2672983221349772,-4.140201677865023,1.2672983221349772,1.2672983221349772
1.267298322082547,-4.140201677917454,1.267298322082547,1.267298322082547
1.26729832203352,-4.140201677966481,1.26729832203352,1.26729832203352
1.2672983219876752,-4.140201678012326,1.2672983219876752,1.2672983219876752
1.2672983219448062,-4.140201678055195,1.2672983219448062,1.2672983219448062
1.26729832190472,-4.140201678095281,1.26729832190472,1.26729832190472
1.267298321867236,-4.140201678132765,1.267298321867236,1.267298321867236
1.2672983218322675,-4.140201678167734,1.2672983218322675,1.2672983218322675
1.267298321799569,-4.140201678200432,1.267298321799569,1.267298321799569
1.2672983217689928,-4.140201678231008,1.2672983217689928,1.2672983217689928
1.2672983217404015,-4.140201678259599,1.2672983217404015,1.2672983217404015
1.2672983217136662,-4.140201678286335,1.2672983217136662,1.2672983217136662
1.267298321688666,-4.140201678311335,1.267298321688666,1.267298321688666
1.2672983216653733,-4.140201678334628,1.2672983216653733,1.2672983216653733
1.2672983216435922,-4.140201678356409,1.2672983216435922,1.2672983216435922
1.2672983216232254,-4.140201678376775,1.2672983216232254,1.2672983216232254
1.2672983216041802,-4.140201678395821,1.2672983216041802,1.2672983216041802
1.2672983215863716,-4.1402016784136295,1.2672983215863716,1.2672983215863716
1.2672983215697189,-4.140201678430282,1.2672983215697189,1.2672983215697189
1.2672983215541471,-4.1402016784458535,1.2672983215541471,1.2672983215541471
1.267298321539586,-4.140201678460414,1.267298321539586,1.267298321539586
1.26729832152597,-4.140201678474031,1.26729832152597,1.26729832152597
1.267298321513238,-4.140201678486763,1.267298321513238,1.267298321513238
1.2672983215013325,-4.140201678498668,1.2672983215013325,1.2672983215013325
1.2672983214901998,-4.1402016785098015,1.2672983214901998,1.2672983214901998
1.2672983214797897,-4.140201678520211,1.2672983214797897,1.2672983214797897
1.267298321470055,-4.140201678529945,1.267298321470055,1.267298321470055
1.2672983214609526,-4.140201678539048,1.2672983214609526,1.2672983214609526
1.267298321452441,-4.140201678547561,1.267298321452441,1.267298321452441
1.2672983214444817,-4.140201678555519,1.2672983214444817,1.2672983214444817
1.2672983214370392,-4.140201678562962,1.2672983214370392,1.2672983214370392
1.2672983214300797,-4.140201678569921,1.2672983214300797,1.2672983214300797
1.267298321423572,-4.140201678576429,1.267298321423572,1.267298321423572
1.2672983214174867,-4.140201678582514,1.2672983214174867,1.2672983214174867
1.2672983214117963,-4.1402016785882045,1.2672983214117963,1.2672983214117963
1.2672983214064755,-4.140201678593526,1.2672983214064755,1.2672983214064755
1.2672983214015001,-4.140201678598501,1.2672983214015001,1.2672983214015001
1.2672983213968474,-4.1402016786031535,1.2672983213968474,1.2672983213968474
1.2672983213924969,-4.140201678607504,1.2672983213924969,1.2672983213924969
1.2672983213884288,-4.1402016786115725,1.2672983213884288,1.2672983213884288
1.2672983213846247,-4.140201678615377,1.2672983213846247,1.2672983213846247
1.2672983213810673,-4.140201678618933,1.2672983213810673,1.2672983213810673
1.2672983213777411,-4.14020167862226,1.2672983213777411,1.2672983213777411
1.267298321374631,-4.14020167862537,1.267298321374631,1.267298321374631
1.2672983213717224,-4.140201678628278,1.2672983213717224,1.2672983213717224
1.2672983213690028,-4.140201678630999,1.2672983213690028,1.2672983213690028
1.2672983213664595,-4.140201678633541,1.2672983213664595,1.2672983213664595
1.2672983213640814,-4.140201678635919,1.2672983213640814,1.2672983213640814
1.2672983213618578,-4.140201678638143,1.2672983213618578,1.2672983213618578
1.2672983213597784,-4.1402016786402225,1.2672983213597784,1.2672983213597784
1.2672983213578342,-4.140201678642167,1.2672983213578342,1.2672983213578342
1.267298321356016,-4.140201678643985,1.267298321356016,1.267298321356016
1.2672983213543156,-4.140201678645685,1.2672983213543156,1.2672983213543156
1.267298321352726,-4.140201678647275,1.267298321352726,1.267298321352726
1.2672983213512394,-4.140201678648761,1.2672983213512394,1.2672983213512394
1.2672983213498492,-4.140201678650151,1.2672983213498492,1.2672983213498492
1.2672983213485494,-4.140201678651452,1.2672983213485494,1.2672983213485494
1.267298321347334,-4.140201678652667,1.267298321347334,1.267298321347334
1.2672983213461972,-4.140201678653804,1.2672983213461972,1.2672983213461972
1.2672983213451345,-4.140201678654867,1.2672983213451345,1.2672983213451345
1.2672983213441407,-4.14020167865586,1.2672983213441407,1.2672983213441407
1.2672983213432114,-4.14020167865679,1.2672983213432114,1.2672983213432114
1.2672983213423425,-4.140201678657658,1.2672983213423425,1.2672983213423425
1.2672983213415299,-4.140201678658471,1.2672983213415299,1.2672983213415299
1.26729832134077,-4.140201678659231,1.26729832134077,1.26729832134077
1.2672983213400595,-4.140201678659942,1.2672983213400595,1.2672983213400595
1.2672983213393951,-4.140201678660606,1.2672983213393951,1.2672983213393951
1.2672983213387738,-4.140201678661227,1.2672983213387738,1.2672983213387738
1.2672983213381928,-4.140201678661808,1.2672983213381928,1.2672983213381928
1.2672983213377151,-4.140201678662286,1.2672983213377151,1.2672983213377151
1.2672983213372686,-4.1402016786627325,1.2672983213372686,1.2672983213372686
1.2672983213368507,-4.14020167866315,1.2672983213368507,1.2672983213368507
1.2672983213364601,-4.140201678663541,1.2672983213364601,1.2672983213364601
1.2672983213360949,-4.140201678663906,1.2672983213360949,1.2672983213360949
1.2672983213357534,-4.140201678664248,1.2672983213357534,1.2672983213357534
1.267298321335434,-4.140201678664567,1.267298321335434,1.267298321335434
1.2672983213351354,-4.140201678664865,1.2672983213351354,1.2672983213351354
1.2672983213349236,-4.140201678665077,1.2672983213349236,1.2672983213349236
1.2672983213347253,-4.140201678665275,1.2672983213347253,1.2672983213347253
1.26729832133454,-4.140201678665461,1.26729832133454,1.26729832133454
1.2672983213343667,-4.140201678665634,1.2672983213343667,1.2672983213343667
1.2672983213342046,-4.140201678665796,1.2672983213342046,1.2672983213342046
1.2672983213340532,-4.140201678665948,1.2672983213340532,1.2672983213340532
1.2672983213339115,-4.14020167866609,1.2672983213339115,1.2672983213339115
1.267298321333779,-4.140201678666222,1.267298321333779,1.267298321333779
1.267298321333655,-4.140201678666346,1.267298321333655,1.267298321333655
1.2672983213335391,-4.140201678666462,1.2672983213335391,1.2672983213335391
1.2672983213334308,-4.14020167866657,1.2672983213334308,1.2672983213334308
1.2672983213333295,-4.1402016786666715,1.2672983213333295,1.2672983213333295
1.2672983213332347,-4.140201678666766,1.2672983213332347,1.2672983213332347
1.2672983213331463,-4.1402016786668545,1.2672983213331463,1.2672983213331463
1.2672983213330633,-4.140201678666937,1.2672983213330633,1.2672983213330633
1.267298321332986,-4.140201678667015,1.267298321332986,1.267298321332986
1.267298321332986,-4.140201678667015,1.267298321332986,1.267298321332986
1.267298321332986,-4.140201678667015,1.267298321332986,1.267298321332986
1.267298321332986,-4.140201678667015,1.267298321332986,1.267298321332986
1.267298321332986,-4.140201678667015,1.267298321332986,1.267298321332986
1.267298321332986,-4.140201678667015,1.267298321332986,1.267298321332986
1.267298321332986,-4.140201678667015,1.267298321332986,1.267298321332986
1.267298321332986,-4.140201678667015,1.267298321332986,1.267298321332986
1.267298321332986,-4.140201678667015,1.267298321332986,1.267298321332986
1.267298321332986,-4.140201678667015,1.267298321332986,1.267298321332986
1.267298321332986,-4.140201678667015,1.267298321332986,1.267298321332986
1.267298321332986,-4.140201678667015,1.267298321332986,1.267298321332986
1.267298321332986,-4.140201678667015,1.267298321332986,1.267298321332986
1.267298321332986,-4.140201678667015,1.267298321332986,1.267298321332986
1.267298321332986,-4.140201678667015,1.267298321332986,1.267298321332986
1.267298321332986,-4.140201678667015,1.267298321332986,1.267298321332986
1.267298321332986,-4.140201678667015,1.267298321332986,1.267298321332986
1.267298321332986,-4.140201678667015,1.267298321332986,1.267298321332986
1.267298321332986,-4.140201678667015,1.267298321332986,1.267298321332986
1.267298321332986,-4.140201678667015,1.267298321332986,1.267298321332986
1.267298321332986,-4.140201678667015,1.267298321332986,1.267298321332986
1.267298321332986,-4.140201678667015,1.267298321332986,1.267298321332986
1.267298321332986,-4.140201678667015,1.267298321332986,1.267298321332986
1.267298321332986,-4.140201678667015,1.267298321332986,1.267298321332986
1.267298321332986,-4.140201678667015,1.267298321332986,1.267298321332986
1.267298321332986,-4.140201678667015,1.267298321332986,1.267298321332986
1.267298321332986,-4.140201678667015,1.267298321332986,1.267298321332986
1.267298321332986,-4.140201678667015,1.267298321332986,1.267298321332986
1.267298321332986,-4.140201678667015,1.267298321332986,1.267298321332986
1.267298321332986,-4.140201678667015,1.267298321332986,1.267298321332986
1.267298321332986,-4.140201678667015,1.267298321332986,1.267298321332986
1.267298321332986,-4.140201678667015,1.267298321332986,1.267298321332986
1.267298321332986,-4.140201678667015,1.267298321332986,1.267298321332986
1.267298321332986,-4.140201678667015,1.267298321332986,1.267298321332986
1.267298321332986,-4.140201678667015,1.267298321332986,1.267298321332986
1.267298321332986,-4.140201678667015,1.267298321332986,1.267298321332986
1.267298321332986,-4.140201678667015,1.267298321332986,1.267298321332986
1.267298321332986,-4.140201678667015,1.267298321332986,1.267298321332986
1.267298321332986,-4.140201678667015,1.267298321332986,1.267298321332986
1.267298321332986,-4.140201678667015,1.267298321332986,1.267298321332986
1.267298321332986,-4.140201678667015,1.267298321332986,1.267298321332986
1.267298321332986,-4.140201678667015,1.267298321332986,1.267298321332986
1.267298321332986,-4.140201678667015,1.267298321332986,1.267298321332986
1.267298321332986,-4.140201678667015,1.267298321332986,1.267298321332986
1.267298321332986,-4.140201678667015,1.267298321332986,1.267298321332986
1.267298321332986,-4.140201678667015,1.267298321332986,1.267298321332986
1.267298321332986,-4.140201678667015,1.267298321332986,1.267298321332986
1.267298321332986,-4.140201678667015,1.267298321332986,1.267298321332986
1.267298321332986,-4.140201678667015,1.267298321332986,1.267298321332986
1.267298321332986,-4.140201678667015,1.267298321332986,1.267298321332986
1.267298321332986,-4.140201678667015,1.267298321332986,1.267298321332986
1.267298321332986,-4.140201678667015,1.267298321332986,1.267298321332986
1.267298321332986,-4.140201678667015,1.267298321332986,1.267298321332986
1.267298321332986,-4.140201678667015,1.267298321332986,1.267298321332986
1.267298321332986,-4.140201678667015,1.267298321332986,1.267298321332986
1.267298321332986,-4.140201678667015,1.267298321332986,1.267298321332986
1.267298321332986,-4.140201678667015,1.267298321332986,1.267298321332986
1.267298321332986,-4.140201678667015,1.267298321332986,1.267298321332986
1.267298321332986,-4.140201678667015,1.267298321332986,1.267298321332986
1.267298321332986,-4.140201678667015,1.267298321332986,1.267298321332986
1.267298321332986,-4.140201678667015,1.267298321332986,1.267298321332986
1.267298321332986,-4.140201678667015,1.267298321332986,1.267298321332986
1.267298321332986,-4.140201678667015,1.267298321332986,1.267298321332986
1.267298321332986,-4.140201678667015,1.267298321332986,1.267298321332986
1.267298321332986,-4.140201678667015,1.267298321332986,1.267298321332986
1.267298321332986,-4.140201678667015,1.267298321332986,1.267298321332986
1.267298321332986,-4.140201678667015,1.267298321332986,1.267298321332986
1.267298321332986,-4.140201678667015,1.267298321332986,1.267298321332986
1.267298321332986,-4.140201678667015,1.267298321332986,1.267298321332986
1.267298321332986,-4.140201678667015,1.267298321332986,1.267298321332986
1.267298321332986,-4.140201678667015,1.267298321332986,1.267298321332986
1.267298321332986,-4.140201678667015,1.267298321332986,1.267298321332986
1.267298321332986,-4.140201678667015,1.267298321332986,1.267298321332986
1.267298321332986,-4.140201678667015,1.267298321332986,1.267298321332986
1.267298321332986,-4.140201678667015,1.267298321332986,1.267298321332986
1.267298321332986,-4.140201678667015,1.267298321332986,1.267298321332986
1.267298321332986,-4.140201678667015,1.267298321332986,1.267298321332986
1.267298321332986,-4.140201678667015,1.267298321332986,1.267298321332986
1.267298321332986,-4.140201678667015,1.267298321332986,1.267298321332986
1.267298321332986,-4.140201678667015,1.267298321332986,1.267298321332986
1.267298321332986,-4.140201678667015,1.267298321332986,1.267298321332986
1.267298321332986,-4.140201678667015,1.267298321332986,1.267298321332986
1.267298321332986,-4.140201678667015,1.267298321332986,1.267298321332986
1.267298321332986,-4.140201678667015,1.267298321332986,1.267298321332986
1.267298321332986,-4.140201678667015,1.267298321332986,1.267298321332986
1.267298321332986,-4.140201678667015,1.267298321332986,1.267298321332986
1.267298321332986,-4.140201678667015,1.267298321332986,1.267298321332986
1.267298321332986,-4.140201678667015,1.267298321332986,1.267298321332986
1.267298321332986,-4.140201678667015,1.267298321332986,1.267298321332986
1.267298321332986,-4.140201678667015,1.267298321332986,1.267298321332986
1.267298321332986,-4.140201678667015,1.267298321332986,1.267298321332986
1.267298321332986,-4.140201678667015,1.267298321332986,1.267298321332986
1.267298321332986,-4.140201678667015,1.267298321332986,1.267298321332986
1.267298321332986,-4.140201678667015,1.267298321332986,1.267298321332986
1.267298321332986,-4.140201678667015,1.267298321332986,1.267298321332986
1.267298321332986,-4.140201678667015,1.267298321332986,1.267298321332986
1.267298321332986,-4.140201678667015,1.267298321332986,1.267298321332986
1.267298321332986,-4.140201678667015,1.267298321332986,1.267298321332986
1.267298321332986,-4.140201678667015,1.267298321332986,1.267298321332986
1.267298321332986,-4.140201678667015,1.267298321332986,1.267298321332986
1.267298321332986,-4.140201678667015,1.267298321332986,1.267298321332986
1.267298321332986,-4.140201678667015,1.267298321332986,1.267298321332986
1.267298321332986,-4.140201678667015,1.267298321332986,1.267298321332986
1.267298321332986,-4.140201678667015,1.267298321332986,1.267298321332986
1.267298321332986,-4.140201678667015,1.267298321332986,1.267298321332986
1.267298321332986,-4.140201678667015,1.267298321332986,1.267298321332986
1.267298321332986,-4.140201678667015,1.267298321332986,1.267298321332986
1.267298321332986,-4.140201678667015,1.267298321332986,1.267298321332986
1.267298321332986,-4.140201678667015,1.267298321332986,1.267298321332986
1.267298321332986,-4.140201678667015,1.267298321332986,1.267298321332986
1.267298321332986,-4.140201678667015,1.267298321332986,1.267298321332986
1.267298321332986,-4.140201678667015,1.267298321332986,1.267298321332986
1.267298321332986,-4.140201678667015,1.267298321332986,1.267298321332986
1.267298321332986,-4.140201678667015,1.267298321332986,1.267298321332986
1.267298321332986,-4.140201678667015,1.267298321332986,1.267298321332986
1.267298321332986,-4.140201678667015,1.267298321332986,1.267298321332986
1.267298321332986,-4.140201678667015,1.267298321332986,1.267298321332986
1.267298321332986,-4.140201678667015,1.267298321332986,1.267298321332986
