Iteration,Hg,Hp,Ht,Hr,dist_sum
0,1.1588687500000026,-4.841131249999999,1.1588687500000026,0.9575812500000012,0.0
1,1.1492098493535732,-4.850790150646427,1.1492098493535732,0.9517592723704931,0.03631119315592005
2,1.1395358684513122,-4.86046413154869,1.1395358684513122,0.9468843700442159,0.07245977401636952
3,1.1297643017882888,-4.8702356982117125,1.1297643017882888,0.9404608724439412,0.10881354800449601
4,1.1198906156200894,-4.880109384379911,1.1198906156200894,0.9346362839641484,0.14530025597802687
5,1.1100088309389413,-4.88999116906106,1.1100088309389413,0.9286106741387607,0.1819196443887831
6,1.100250467123588,-4.899749532876414,1.100250467123588,0.9235378293493773,0.21875228393653198
7,1.0907931646976168,-4.909206835302385,1.0907931646976168,0.9173452487729891,0.2557803682273952
8,1.081806835970508,-4.918193164029493,1.081806835970508,0.9118746080716109,0.2925394013005226
9,1.073169008602509,-4.926830991397493,1.073169008602509,0.9065846843555203,0.3291601830784802
10,1.0648180476532532,-4.935181952346747,1.0648180476532532,0.9024423968925812,0.3654885669977741
11,1.05660932595706,-4.9433906740429405,1.05660932595706,0.8971973053566825,0.4017099600834659
12,1.0485504490055704,-4.951449550994431,1.0485504490055704,0.8930988796536466,0.4378909760958563
13,1.040517843317603,-4.959482156682399,1.040517843317603,0.8880161827830629,0.47445550364664474
14,1.0325418078477915,-4.967458192152209,1.0325418078477915,0.8829699373135357,0.5110007011153609
15,1.0246386287351388,-4.975361371264862,1.0246386287351388,0.8766244702565033,0.5474186332814953
16,1.0167581788458067,-4.983241821154195,1.0167581788458067,0.871710189019384,0.5842001285919108
17,1.0089197949398319,-4.991080205060168,1.0089197949398319,0.8670740409302778,0.6207587140786697
18,1.00111495989775,-4.998885040102252,1.00111495989775,0.8620163112078422,0.6576851604626174
19,0.993388234934488,-5.006611765065513,0.993388234934488,0.8572477506229083,0.694499253294888
20,0.9857455070866726,-5.014254492913328,0.9857455070866726,0.8527294067380381,0.7311037449117107
21,0.978234098104625,-5.0217659018953755,0.978234098104625,0.8481648994966687,0.767550160330425
22,0.9708214016394162,-5.029178598360584,0.9708214016394162,0.8436870691387924,0.803750118214127
23,0.9635616906544724,-5.036438309345529,0.9635616906544724,0.8391154259347715,0.8398703236270288
24,0.9564666683637877,-5.0435333316362145,0.9564666683637877,0.8348934363756564,0.8753703512002
25,0.9495283648356202,-5.050471635164381,0.9495283648356202,0.830826851196087,0.9103790337101679
26,0.9426158677380201,-5.057384132261981,0.9426158677380201,0.8267680016845194,0.9453668864778807
27,0.935653989412293,-5.064346010587708,0.935653989412293,0.8232709098462773,0.9807476227075025
28,0.9287242191771761,-5.071275780822825,0.9287242191771761,0.8192726641035282,1.0161421448580488
29,0.921890096633527,-5.078109903366474,0.921890096633527,0.8153243850725436,1.0512547610750482
30,0.9151616187348971,-5.084838381265104,0.9151616187348971,0.8115902568369525,1.0862871944912893
31,0.908557763720864,-5.0914422362791365,0.908557763720864,0.807848750981869,1.121100958407897
32,0.9021039492396378,-5.0978960507603635,0.9021039492396378,0.8042193557129086,1.1551940256216973
33,0.8957547599347981,-5.104245240065204,0.8957547599347981,0.7994235605437526,1.1891691375658529
34,0.889567088724319,-5.110432911275683,0.889567088724319,0.7960502171658224,1.22272010488124
35,0.8834974531659218,-5.116502546834078,0.8834974531659218,0.7926593166691207,1.2557333560015125
36,0.8774755336534916,-5.122524466346509,0.8774755336534916,0.7891929704135869,1.2890830726115565
37,0.8716368780438676,-5.128363121956133,0.8716368780438676,0.785919959252743,1.3219901808157657
38,0.8659645301336828,-5.134035469866318,0.8659645301336828,0.7831169620783001,1.354321517330812
39,0.8603909285341225,-5.1396090714658795,0.8603909285341225,0.780740775790475,1.3862537331867897
40,0.8548168513975091,-5.145183148602492,0.8548168513975091,0.7766847999727914,1.4182921303690597
41,0.8493349257304409,-5.15066507426956,0.8493349257304409,0.7738496159929323,1.450061083964724
42,0.8439514196987153,-5.156048580301285,0.8439514196987153,0.7705630554822103,1.4815459538134206
43,0.8386824251509608,-5.16131757484904,0.8386824251509608,0.7676597503310818,1.5125944802622076
44,0.8334803231102182,-5.1665196768897825,0.8334803231102182,0.7647672940116346,1.5436242454278184
45,0.8284428426351729,-5.171557157364828,0.8284428426351729,0.761985936481659,1.574055477062683
46,0.8235712112037172,-5.176428788796284,0.8235712112037172,0.7593078799684241,1.604000256982831
47,0.8188258526709984,-5.181174147329003,0.8188258526709984,0.7566920234066934,1.6336279384225287
48,0.8142408899976993,-5.1857591100023015,0.8142408899976993,0.7542493756529629,1.662781481420158
49,0.8097591660923499,-5.190240833907651,0.8097591660923499,0.7514512684432186,1.6916219009395035
50,0.8054084876851911,-5.19459151231481,0.8054084876851911,0.7489843985118708,1.7202985258697274
51,0.8012062752207,-5.198793724779301,0.8012062752207,0.7471312649027921,1.7484118402170654
52,0.7970479046718656,-5.202952095328135,0.7970479046718656,0.7449646174720699,1.7765364798901513
53,0.7930152344987621,-5.20698476550124,0.7930152344987621,0.7429491702287278,1.80430922636883
54,0.7890951127865992,-5.210904887213402,0.7890951127865992,0.7409151849946096,1.831699009358296
55,0.785280694078373,-5.214719305921628,0.785280694078373,0.7387977105565574,1.858839667302231
56,0.7815878752546837,-5.218412124745318,0.7815878752546837,0.7367795797278873,1.88576962867566
57,0.7780194376385302,-5.22198056236147,0.7780194376385302,0.7347244210958539,1.9120689085070186
58,0.7745459592889913,-5.22545404071101,0.7745459592889913,0.7326789711177621,1.9384263170955256
59,0.7711717159028021,-5.228828284097198,0.7711717159028021,0.7306169790519302,1.9643100401012263
60,0.7679145950460071,-5.2320854049539935,0.7679145950460071,0.7286403101881112,1.9899576742729235
61,0.7648122622441379,-5.235187737755862,0.7648122622441379,0.7262714673029408,2.0149435373614395
62,0.7618356151526938,-5.238164384847307,0.7618356151526938,0.7244265456740016,2.0396323900250612
63,0.7590047976540247,-5.240995202345976,0.7590047976540247,0.7226670503134697,2.0637428534884164
64,0.7562605576124277,-5.243739442387573,0.7562605576124277,0.7209244952872176,2.087665448077343
65,0.7535978339090784,-5.246402166090923,0.7535978339090784,0.7193538761475867,2.1113797240912078
66,0.7510651606175793,-5.248934839382422,0.7510651606175793,0.7177273519064457,2.1347263344063125
67,0.748642037649732,-5.251357962350269,0.748642037649732,0.7166541421910464,2.157524154502559
68,0.7463186168876172,-5.253681383112384,0.7463186168876172,0.715532137278916,2.1798340781006007
69,0.7440750774623381,-5.2559249225376625,0.7440750774623381,0.7143602245867237,2.2018765103319002
70,0.741932673074148,-5.258067326925852,0.741932673074148,0.7131607638781348,2.223371362320299
71,0.7398500536352675,-5.2601499463647325,0.7398500536352675,0.7117458219358508,2.2445700070834107
72,0.7378416378345266,-5.262158362165475,0.7378416378345266,0.7105369675404768,2.2653883072634993
73,0.7358985493769131,-5.264101450623088,0.7358985493769131,0.7093227809531971,2.2857934665229993
74,0.734033222842871,-5.2659667771571295,0.734033222842871,0.7081170312904221,2.3058572436535982
75,0.7322466264642854,-5.267753373535717,0.7322466264642854,0.7069554996383163,2.3253423034976097
76,0.7305137762187234,-5.269486223781278,0.7305137762187234,0.7062118838883441,2.344537087240145
77,0.7288110518367598,-5.271188948163242,0.7288110518367598,0.7050340663126795,2.3637518488518454
78,0.7271884496160343,-5.272811550383967,0.7271884496160343,0.7039826389476493,2.38250724516598
79,0.725637443339239,-5.274362556660762,0.725637443339239,0.7030022237647565,2.4007827665839274
80,0.7241448887047748,-5.275855111295226,0.7241448887047748,0.7019701034334617,2.4186929702433284
81,0.7226978368861376,-5.2773021631138635,0.7226978368861376,0.7009488429220692,2.436399835264338
82,0.7212999944704921,-5.278700005529508,0.7212999944704921,0.6999547183381007,2.4539662261932356
83,0.7199525048958354,-5.280047495104166,0.7199525048958354,0.6989957479319437,2.4713794256104182
84,0.7186472378086946,-5.281352762191307,0.7186472378086946,0.6980448103069175,2.4885516833283114
85,0.7173530595458596,-5.282646940454142,0.7173530595458596,0.6971757775490888,2.505892665002889
86,0.7161087720713605,-5.28389122792864,0.7161087720713605,0.6966968592975361,2.522865970470191
87,0.7148954687206941,-5.285104531279307,0.7148954687206941,0.6961355485129762,2.539732822428855
88,0.7137141527670737,-5.286285847232927,0.7137141527670737,0.6952278504906823,2.5563298817426054
89,0.7125647032661037,-5.287435296733897,0.7125647032661037,0.6946218220835781,2.5726377669631844
90,0.7114357166052354,-5.288564283394765,0.7114357166052354,0.6938182661241424,2.588916875573501
91,0.7103355084328471,-5.289664491567155,0.7103355084328471,0.6932152270537851,2.604816013847186
92,0.7092595975763905,-5.29074040242361,0.7092595975763905,0.692551827807717,2.6206685697083474
93,0.7082055563007941,-5.2917944436992075,0.7082055563007941,0.6917317861043087,2.6362739837473574
94,0.7071643727954617,-5.29283562720454,0.7071643727954617,0.6910373947392011,2.6518608864640694
95,0.7061613040540609,-5.29383869594594,0.7061613040540609,0.6902498435164612,2.6672362152893454
96,0.7051976932330869,-5.294802306766915,0.7051976932330869,0.6895908411427094,2.682204051597303
97,0.7042585636618444,-5.295741436338156,0.7042585636618444,0.6888508580291898,2.6970347498443346
98,0.7033529655715498,-5.29664703442845,0.7033529655715498,0.6882132584968053,2.7116206997863084
99,0.7024826268205265,-5.297517373179475,0.7024826268205265,0.687520892966735,2.7259491930297317
100,0.7016408434360866,-5.298359156563913,0.7016408434360866,0.6869334476660587,2.739904407936465
101,0.7008174651693152,-5.2991825348306865,0.7008174651693152,0.6862759000604931,2.75372884204508
102,0.7000156851193534,-5.299984314880648,0.7000156851193534,0.6857272678297697,2.767331064834527
103,0.6992407996745936,-5.300759200325408,0.6992407996745936,0.6851062843566276,2.7806629644649816
104,0.698494131318659,-5.3015058686813425,0.698494131318659,0.6846318258942085,2.7937912935080944
105,0.6977596445090594,-5.302240355490942,0.6977596445090594,0.6840415535049764,2.806758081249651
106,0.6970370407430027,-5.302962959256998,0.6970370407430027,0.6834975273040448,2.8196419886051416
107,0.6963433465847565,-5.303656653415245,0.6963433465847565,0.6829387687680256,2.8323806652859926
108,0.6956895551878371,-5.304310444812164,0.6956895551878371,0.6824080046474309,2.8446992638465485
109,0.6950664706169476,-5.304933529383053,0.6950664706169476,0.6818946007307705,2.8568149711800035
110,0.6944713732231687,-5.305528626776833,0.6944713732231687,0.6818215697439941,2.8686488942246537
111,0.6938779067550646,-5.306122093244936,0.6938779067550646,0.6813205513511998,2.8804154677990352
112,0.6933017863571406,-5.306698213642861,0.6933017863571406,0.6808285585125838,2.8921562998030046
113,0.6927502944289833,-5.307249705571017,0.6927502944289833,0.6806942871857022,2.9036176692906506
114,0.6922198819413037,-5.307780118058698,0.6922198819413037,0.6802409304562743,2.9148663774777543
115,0.6917025775010602,-5.30829742249894,0.6917025775010602,0.6800569789185628,2.9258889994060375
116,0.691187068328098,-5.308812931671904,0.691187068328098,0.6796114310412298,2.9369756832548495
117,0.6906859775863787,-5.309314022413623,0.6906859775863787,0.6793264174193956,2.9479177228386337
118,0.6901943797212642,-5.309805620278736,0.6901943797212642,0.6790976266884713,2.9587671541123717
119,0.6897109103235413,-5.31028908967646,0.6897109103235413,0.6786771440070045,2.969479153711332
120,0.6892371417167937,-5.310762858283208,0.6892371417167937,0.6784165101004056,2.9801575833442913
121,0.6887510938555995,-5.311248906144401,0.6887510938555995,0.6779929146044972,2.9908276003265133
122,0.6882731063553612,-5.31172689364464,0.6882731063553612,0.6774888475245099,3.0015232458466294
123,0.6877912181948952,-5.312208781805105,0.6877912181948952,0.6771794718248485,3.0122629248636863
124,0.6872918758296712,-5.312708124170331,0.6872918758296712,0.6767382686684794,3.023258184338112
125,0.6867914409988155,-5.313208559001186,0.6867914409988155,0.6762911636658894,3.0343309112147425
126,0.686302307281725,-5.313697692718277,0.686302307281725,0.6759463401186722,3.0452517444019667
127,0.6858113008596693,-5.314188699140332,0.6858113008596693,0.6755084650181085,3.056205931394426
128,0.6853376383377551,-5.314662361662246,0.6853376383377551,0.6750831090995989,3.0670213446524137
129,0.6848813370330986,-5.315118662966902,0.6848813370330986,0.6747604433773605,3.077524557304414
130,0.6844334923066104,-5.315566507693391,0.6844334923066104,0.6743632804776531,3.0880033375829723
131,0.6840122037410897,-5.315987796258911,0.6840122037410897,0.6739887439482389,3.0981363056161504
132,0.6836106013302129,-5.316389398669788,0.6836106013302129,0.6737225425438629,3.1080243407952093
133,0.6832126594533958,-5.316787340546606,0.6832126594533958,0.6733738945334489,3.117823083031746
134,0.6828328521112172,-5.317167147888783,0.6828328521112172,0.6730413093062522,3.1272984624979117
135,0.6824554338258232,-5.317544566174178,0.6824554338258232,0.6727101427111382,3.136962209097759
136,0.6820976028604266,-5.317902397139574,0.6820976028604266,0.6725052419971574,3.1463069907673114
137,0.6817501466152809,-5.318249853384721,0.6817501466152809,0.6722019161727937,3.1555448163185744
138,0.6814214191329604,-5.318578580867041,0.6814214191329604,0.6719129680536287,3.16457213470317
139,0.6811124495361681,-5.318887550463833,0.6811124495361681,0.6716375015860042,3.1733430505541516
140,0.6808135838556894,-5.319186416144311,0.6808135838556894,0.6715068911964511,3.181903119101605
141,0.6805216818908998,-5.319478318109101,0.6805216818908998,0.6712463524108904,3.19043365662029
142,0.6802442339997543,-5.319755766000248,0.6802442339997543,0.6709993645531557,3.1987497878049314
143,0.6799847946500406,-5.320015205349961,0.6799847946500406,0.670769078506589,3.206791526370738
144,0.6797405487110627,-5.320259451288939,0.6797405487110627,0.6705492483182188,3.214567923587122
145,0.679500894984995,-5.320499105015006,0.679500894984995,0.6707254545009893,3.22225835911921
146,0.6792642953914401,-5.320735704608562,0.6792642953914401,0.6705093711970526,3.229814583023124
147,0.6790278099630522,-5.320972190036948,0.6790278099630522,0.6704891693477715,3.2374116253487966
148,0.6787980501573544,-5.3212019498426475,0.6787980501573544,0.6702726400774424,3.2449249684890873
149,0.6785745108281594,-5.321425489171842,0.6785745108281594,0.6703704613790474,3.252296189036359
150,0.6783461032625142,-5.321653896737487,0.6783461032625142,0.6701550168840706,3.259727682391638
151,0.6781135591492821,-5.321886440850719,0.6781135591492821,0.6699341685690093,3.2673025828260833
152,0.6778875885814576,-5.322112411418544,0.6778875885814576,0.6696381427738357,3.2747207125707143
153,0.6776645665886359,-5.322335433411365,0.6776645665886359,0.6694279086370896,3.2821536434260823
154,0.6774382452612201,-5.322561754738781,0.6774382452612201,0.6694534005030982,3.28963182115408
155,0.6772054152807006,-5.3227945847193,0.6772054152807006,0.6692355950847532,3.297086753991709
156,0.6769669396845333,-5.323033060315468,0.6769669396845333,0.6690099479235524,3.304729127678308
157,0.6767308167663938,-5.323269183233607,0.6767308167663938,0.6687852251481194,3.3123737674556124
158,0.6764917292177285,-5.3235082707822725,0.6764917292177285,0.6685548232301505,3.320106046790475
159,0.6762576299576352,-5.323742370042366,0.6762576299576352,0.6685098729677842,3.3275833309529057
160,0.676006559517195,-5.3239934404828055,0.676006559517195,0.6682693452115809,3.3354134683085963
161,0.6757485975096775,-5.324251402490324,0.6757485975096775,0.6680215629236078,3.343388004695672
162,0.6754922896749551,-5.3245077103250456,0.6754922896749551,0.667775314520299,3.351410725225791
163,0.6752496954133277,-5.324750304586673,0.6752496954133277,0.6676755326475985,3.359168914273529
164,0.6749977811125151,-5.325002218887486,0.6749977811125151,0.6674354036610505,3.367010500549214
165,0.6747511160269747,-5.3252488839730265,0.6747511160269747,0.6671987635611482,3.3748200439794465
166,0.6745139853930212,-5.32548601460698,0.6745139853930212,0.6669712436086007,3.3825163130928644
167,0.6742857929618552,-5.325714207038146,0.6742857929618552,0.6667522037511002,3.390055805625524
168,0.6740656269318249,-5.3259343730681765,0.6740656269318249,0.6665407564311043,3.3974396858664346
169,0.6738494021743283,-5.326150597825672,0.6738494021743283,0.6664344442292379,3.404665063506259
170,0.6736334462837669,-5.326366553716234,0.6736334462837669,0.6662284783776482,3.4119557600043766
171,0.6734259211636655,-5.326574078836336,0.6734259211636655,0.666029830639421,3.4191070217915605
172,0.6732293964071153,-5.326770603592885,0.6732293964071153,0.6658417773179127,3.426091210526063
173,0.6730424621988191,-5.326957537801182,0.6730424621988191,0.6656632342983785,3.4329371295075717
174,0.6728629987452747,-5.327137001254727,0.6728629987452747,0.6654918985828723,3.439644755274612
175,0.6726875655723011,-5.3273124344277,0.6726875655723011,0.665405577215592,3.446237328185153
176,0.6725127752778167,-5.3274872247221845,0.6725127752778167,0.6652407047112394,3.4528627592776964
177,0.672347396164777,-5.327652603835224,0.672347396164777,0.6650848215216643,3.45926978167019
178,0.6721853477532377,-5.327814652246763,0.6721853477532377,0.6649699604011848,3.465659883774405
179,0.6720310046360672,-5.327968995363934,0.6720310046360672,0.6648245399949206,3.4719333789230973
180,0.6718848931429061,-5.328115106857095,0.6718848931429061,0.6646869751208017,3.4780000922578855
181,0.6717376164384982,-5.328262383561503,0.6717376164384982,0.6645318344428527,3.4840292991593085
182,0.6715801840648187,-5.328419815935183,0.6715801840648187,0.6643875562517294,3.490324657772413
183,0.6714321227287627,-5.3285678772712375,0.6714321227287627,0.6642521291013412,3.4964125618173028
184,0.6712873559305912,-5.328712644069409,0.6712873559305912,0.6641194992144775,3.502421238382106
185,0.671145039409122,-5.328854960590879,0.671145039409122,0.6640886034790198,3.508379257137407
186,0.6710022179221277,-5.328997782077874,0.6710022179221277,0.6639558063310882,3.5143174624214595
187,0.6708600418348851,-5.329139958165117,0.6708600418348851,0.6638233715047095,3.5202450127526133
188,0.6707234504032952,-5.329276549596706,0.6707234504032952,0.6636961804786522,3.5260853615605443
189,0.6705870898634438,-5.329412910136557,0.6705870898634438,0.6636488015119235,3.53180744487631
190,0.6704467465868176,-5.3295532534131835,0.6704467465868176,0.6635196116562331,3.5376976726252245
191,0.6703098616062042,-5.329690138393796,0.6703098616062042,0.6633934397178902,3.5433938763426416
192,0.6701693220420142,-5.329830677957987,0.6701693220420142,0.6632635906192732,3.5492763643264977
193,0.6700365106350213,-5.32996348936498,0.6700365106350213,0.6631410511028977,3.5549650578346608
194,0.6699038088624729,-5.330096191137529,0.6699038088624729,0.6630182207215722,3.560723962952803
195,0.6697749122487582,-5.330225087751243,0.6697749122487582,0.6628986824518371,3.5664022749748385
196,0.6696472300229029,-5.330352769977098,0.6696472300229029,0.6627799959062698,3.572009685360178
197,0.6695176166253494,-5.330482383374653,0.6695176166253494,0.6627573460373859,3.5776003625065282
198,0.6693848001371554,-5.330615199862847,0.6693848001371554,0.6626351861402933,3.5833332895760224
199,0.6692588436186088,-5.330741156381392,0.6692588436186088,0.6625178679774634,3.588919956330068
200,0.6691322975581079,-5.330867702441893,0.6691322975581079,0.6623990624425464,3.5945123242806147
201,0.6690075076574505,-5.330992492342551,0.6690075076574505,0.6622823765607628,3.600173859079929
202,0.6688889225957291,-5.331111077404272,0.6688889225957291,0.6621715673024904,3.6056488679986423
203,0.6687745469918605,-5.331225453008141,0.6687745469918605,0.66206410707989,3.6110721110647814
204,0.6686656887387411,-5.3313343112612595,0.6686656887387411,0.6619613730814163,3.616316654959938
205,0.6685564498963183,-5.331443550103683,0.6685564498963183,0.6618574362079916,3.6215304028085478
206,0.6684456026740643,-5.331554397325936,0.6684456026740643,0.6617512246962376,3.6267447893868874
207,0.6683353633940229,-5.3316646366059794,0.6683353633940229,0.6616455472444263,3.631995519974087
208,0.6682290175249618,-5.33177098247504,0.6682290175249618,0.6615437089578969,3.6371942260132792
209,0.6681283650656337,-5.331871634934367,0.6681283650656337,0.6615506110133835,3.6422216195650834
210,0.6680288079895622,-5.331971192010439,0.6680288079895622,0.6614557418710477,3.647180329479689
211,0.6679282616442437,-5.332071738355757,0.6679282616442437,0.6612515857918989,3.652171495524699
212,0.6678250860782563,-5.332174913921745,0.6678250860782563,0.6611543809057177,3.6571637162971156
213,0.6677225971074014,-5.3322774028926,0.6677225971074014,0.661057365739514,3.6622105349738963
214,0.6676250528168048,-5.332374947183196,0.6676250528168048,0.6609649509741452,3.6670910960850582
215,0.6675256083097485,-5.332474391690253,0.6675256083097485,0.6612398936310742,3.6720020965438347
216,0.6674251488458988,-5.332574851154103,0.6674251488458988,0.6611470985987585,3.6769736338426986
217,0.6673244843325167,-5.332675515667486,0.6673244843325167,0.6610541675024041,3.6819174971638393
218,0.6672303458360515,-5.33276965416395,0.6672303458360515,0.6609674754311683,3.686698483521184
219,0.6671373106373278,-5.332862689362674,0.6671373106373278,0.6608816111865835,3.6913219472795302
220,0.6670402333054576,-5.332959766694543,0.6670402333054576,0.6607916299949154,3.6960598525164183
221,0.6669476441805545,-5.333052355819447,0.6669476441805545,0.6607041324779909,3.700728171233629
222,0.666860755126292,-5.33313924487371,0.666860755126292,0.6606221441903318,3.7052426754967365
223,0.6667777186899678,-5.333222281310033,0.6667777186899678,0.660543201305237,3.7096651615790237
224,0.6666969303582448,-5.333303069641757,0.6666969303582448,0.6604660719838515,3.714034928863193
225,0.6666173511765303,-5.333382648823471,0.6666173511765303,0.6603901392989506,3.718420588910651
226,0.6665402937141505,-5.333459706285851,0.6665402937141505,0.6603165862413137,3.7227588610904867
227,0.6664670829058964,-5.3335329170941055,0.6664670829058964,0.660532288486703,3.726954134208752
228,0.6663894008934155,-5.333610599106585,0.6663894008934155,0.6604598742482384,3.731236906357474
229,0.6663120019750286,-5.333687998024973,0.6663120019750286,0.6603871125644856,3.7355216919116936
230,0.6662350501317358,-5.333764949868264,0.6662350501317358,0.6603145430982104,3.7397554057742415
231,0.6661599253015718,-5.333840074698429,0.6661599253015718,0.660243011527034,3.7439630475070937
232,0.6660889460075062,-5.3339110539924945,0.6660889460075062,0.6601754332925153,3.7480319914807194
233,0.6660185232264378,-5.3339814767735625,0.6660185232264378,0.6601078478554615,3.752091917024196
234,0.6659491641081008,-5.3340508358919,0.6659491641081008,0.6600410657313002,3.756072508961081
235,0.6658776837269166,-5.334122316273085,0.6658776837269166,0.659972300531544,3.7601376334949945
236,0.6658099866329246,-5.334190013367077,0.6658099866329246,0.6599072058993164,3.764068739953082
237,0.6657444882880347,-5.334255511711967,0.6657444882880347,0.6598442025164909,3.7679647985566707
238,0.6656809668994625,-5.334319033100539,0.6656809668994625,0.6597830735406683,3.771818036348005
239,0.6656165815614945,-5.334383418438506,0.6656165815614945,0.6597211178560187,3.7756756275004606
240,0.6655563729059136,-5.334443627094088,0.6655563729059136,0.6596626056299847,3.7794060443472564
241,0.6654988973039784,-5.334501102696023,0.6654988973039784,0.6598218322430274,3.7830134740019323
242,0.6654408437818915,-5.334559156218109,0.6654408437818915,0.6597664271279943,3.786706535920243
243,0.6653858579403804,-5.334614142059621,0.6653858579403804,0.6595914616869158,3.7902778539849242
244,0.6653273670733281,-5.334672632926673,0.6653273670733281,0.6595380821358238,3.793901848541103
245,0.665272258446121,-5.3347277415538805,0.665272258446121,0.6594992904654028,3.797406376153944
246,0.6652128837260668,-5.334787116273935,0.6652128837260668,0.6594783203002857,3.8009698415518383
247,0.6651522475891528,-5.334847752410848,0.6651522475891528,0.6594239133822467,3.8046440806841773
248,0.665086251595171,-5.33491374840483,0.665086251595171,0.6593644244080388,3.8084797318081174
249,0.6650237904749564,-5.334976209525045,0.6650237904749564,0.6593082338800995,3.8121889724542837
250,0.6649599651242193,-5.3350400348757825,0.6649599651242193,0.6592508042288204,3.815893573279704
251,0.6648961461379715,-5.335103853862029,0.6648961461379715,0.6591931497181768,3.819582210343435
252,0.6648240165599612,-5.33517598344004,0.6648240165599612,0.6591276700906338,3.8234817777545738
253,0.6647551365754949,-5.335244863424506,0.6647551365754949,0.6590535096958702,3.8272528656367775
254,0.6646785427867193,-5.335321457213282,0.6646785427867193,0.6589853483307623,3.8311917706309337
255,0.6645921709386389,-5.335407829061363,0.6645921709386389,0.65890512817333,3.8352223254453066
256,0.6644802806564052,-5.335519719343596,0.6644802806564052,0.6587985334968481,3.839830831673371
257,0.6643733957440556,-5.335626604255945,0.6643733957440556,0.6586967515344022,3.8442874277395713
258,0.6642691184994572,-5.335730881500545,0.6642691184994572,0.6587552043360027,3.8487138682321023
259,0.6641615694016533,-5.335838430598348,0.6641615694016533,0.6586515906575989,3.853243013789606
260,0.6640551447108025,-5.335944855289198,0.6640551447108025,0.6585489568799525,3.857711130578846
261,0.6639504791042488,-5.336049520895753,0.6639504791042488,0.6584478786048887,3.862165895849443
262,0.6638520799480447,-5.336147920051956,0.6638520799480447,0.6583523844462185,3.866473851130582
263,0.6637478855348542,-5.336252114465148,0.6637478855348542,0.6582508985608311,3.8707773201150886
264,0.6636495239529105,-5.336350476047091,0.6636495239529105,0.658155144291143,3.8749389301563695
265,0.6635523138951035,-5.336447686104899,0.6635523138951035,0.6580604444362343,3.8790616610016624
266,0.6634580015006659,-5.336541998499335,0.6634580015006659,0.6579686894825475,3.8831492905500093
267,0.663369806254079,-5.336630193745922,0.663369806254079,0.6578829571802246,3.887102155903462
268,0.6632873317270428,-5.336712668272959,0.6632873317270428,0.6578028548740688,3.890924692012251
269,0.6632089623053383,-5.336791037694663,0.6632089623053383,0.6577267705560779,3.8946211888102713
270,0.6631283450992409,-5.336871654900761,0.6631283450992409,0.6574897882434548,3.898260068090324
271,0.663043698678272,-5.336956301321729,0.663043698678272,0.6574101437269176,3.9020074376112897
272,0.6629631472408077,-5.337036852759193,0.6629631472408077,0.6573338185817862,3.9057093078413794
273,0.6628878219513386,-5.337112178048662,0.6628878219513386,0.6572625669070925,3.909289099083209
274,0.6628129281652996,-5.337187071834702,0.6628129281652996,0.6571915999517592,3.912750832501777
275,0.662734444022068,-5.337265555977933,0.662734444022068,0.6571172820127996,3.9163229678862725
276,0.6626610527686785,-5.337338947231323,0.6626610527686785,0.6570479075937005,3.9197772792031285
277,0.6625917845217475,-5.337408215478254,0.6625917845217475,0.6569825125106423,3.9231176497102376
278,0.6625253173902814,-5.337474682609719,0.6625253173902814,0.6569197803342562,3.9265004251041784
279,0.6624601450306256,-5.337539854969376,0.6624601450306256,0.6568582099556388,3.929838093131846
280,0.6623961278443312,-5.337603872155671,0.6623961278443312,0.6567414452305786,3.9331510626404285
281,0.6623290855633749,-5.337670914436626,0.6623290855633749,0.6566802286197766,3.9365172953029512
282,0.6622657612796866,-5.337734238720314,0.6622657612796866,0.6566225257189241,3.939824157346636
283,0.6622045308949527,-5.337795469105048,0.6622045308949527,0.6566825015918807,3.943021924460773
284,0.6621409468932737,-5.337859053106727,0.6621409468932737,0.6566255238431224,3.946363086856631
285,0.6620781307815067,-5.337921869218494,0.6620781307815067,0.6565686826024777,3.949839323947412
286,0.662018783442046,-5.337981216557956,0.662018783442046,0.6565149300634072,3.953241264245722
287,0.6619632878227962,-5.338036712177206,0.6619632878227962,0.6564648191493707,3.956530971874293
288,0.6619113939670999,-5.338088606032901,0.6619113939670999,0.6564178582694662,3.9597121484519855
289,0.6618622165237265,-5.338137783476275,0.6618622165237265,0.6563734381247199,3.9627883735867337
290,0.6618090946280046,-5.338190905371997,0.6618090946280046,0.6563249044844246,3.965904063476601
291,0.6617518342829566,-5.338248165717045,0.6617518342829566,0.6562729622919942,3.9691506359912827
292,0.6616922608151937,-5.338307739184807,0.6616922608151937,0.6562189815275083,3.9725388013444034
293,0.6616317154460682,-5.338368284553933,0.6616317154460682,0.6561643636360227,3.9759340819765465
294,0.6615693935649539,-5.338430606435048,0.6615693935649539,0.656108363200873,3.9793381137164054
295,0.6615042335845266,-5.338495766415475,0.6615042335845266,0.6560499319207835,3.9827780808460362
296,0.6614423941283873,-5.338557605871614,0.6614423941283873,0.6559942912093408,3.986177956436232
297,0.6613801976300341,-5.3386198023699665,0.6613801976300341,0.6557245695799824,3.9894656657469785
298,0.6613134303466365,-5.3386865696533645,0.6613134303466365,0.6556668683809478,3.9929461483418045
299,0.6612481510599044,-5.338751848940097,0.6612481510599044,0.6556089553331114,3.9964224782037534
300,0.6611851979859575,-5.338814802014044,0.6611851979859575,0.6555523241549664,3.999784120656839
301,0.6611230945983639,-5.338876905401637,0.6611230945983639,0.6554963206290279,4.003149091760328
302,0.6610623509156416,-5.338937649084359,0.6610623509156416,0.6554415684878832,4.006533673207852
303,0.66100453296085,-5.33899546703915,0.66100453296085,0.6553895321297415,4.009806612779743
304,0.6609465441466309,-5.339053455853371,0.6609465441466309,0.6553371226837015,4.013153626262091
305,0.6608906021043697,-5.339109397895632,0.6608906021043697,0.655286565192482,4.016497975197199
306,0.6608369398928815,-5.33916306010712,0.6608369398928815,0.655238099834358,4.019731992681274
307,0.6607850819534464,-5.339214918046555,0.6607850819534464,0.6551915051640952,4.0229281166182105
308,0.6607356450497077,-5.339264354950294,0.6607356450497077,0.6551471481979984,4.0260188168276905
309,0.660687849827958,-5.339312150172042,0.660687849827958,0.655104256250093,4.029124144425044
310,0.6606419797631616,-5.33935802023684,0.6606419797631616,0.6550624400229403,4.032127030297147
311,0.660596682868134,-5.3394033171318664,0.660596682868134,0.6549132987467994,4.03517817935981
312,0.6605385339109778,-5.339461466089024,0.6605385339109778,0.6548609941351217,4.038434154496217
313,0.6604725184942857,-5.339527481505716,0.6604725184942857,0.6548012299728276,4.041937074577733
314,0.6604028525852971,-5.339597147414703,0.6604028525852971,0.6547380584155776,4.04551103141362
315,0.6603329398178645,-5.339667060182137,0.6603329398178645,0.6546747278768331,4.049038286063915
316,0.6602622299528967,-5.339737770047105,0.6602622299528967,0.6546965813066008,4.052716220397841
317,0.6601923739765709,-5.33980762602343,0.6601923739765709,0.6546338917952448,4.056442652158531
318,0.6601202159009462,-5.339879784099055,0.6601202159009462,0.6545688171719916,4.06016790929454
319,0.6600501883174286,-5.339949811682573,0.6600501883174286,0.6545056261165817,4.063905104567206
320,0.6599834386017085,-5.340016561398293,0.6599834386017085,0.654445362483342,4.067518995155789
321,0.6599179223474775,-5.340082077652524,0.6599179223474775,0.6543865029386721,4.071141761357486
322,0.6598542850797552,-5.340145714920245,0.6598542850797552,0.6543292904108412,4.074715047466386
323,0.6597936932738383,-5.340206306726163,0.6597936932738383,0.6542748998273791,4.078170452680589
324,0.6597332720209396,-5.340266727979062,0.6597332720209396,0.6539469632165834,4.0815809656822415
325,0.6596669978437492,-5.340333002156252,0.6596669978437492,0.6538897652500125,4.085158254022513
326,0.6596039447889296,-5.340396055211071,0.6596039447889296,0.6538354739552124,4.088617535756938
327,0.6595413931501951,-5.340458606849806,0.6595413931501951,0.6537708134439901,4.0920817065281865
328,0.6594759171840473,-5.340524082815954,0.6594759171840473,0.6537172783647769,4.095589740411842
329,0.6594128426202778,-5.340587157379724,0.6594128426202778,0.6536657303000294,4.0989820568436155
330,0.6593503448775913,-5.34064965512241,0.6593503448775913,0.6536143596578226,4.102370688035009
331,0.6592866655058649,-5.3407133344941355,0.6592866655058649,0.6535614700234224,4.105791495917327
332,0.6592199580023023,-5.340780041997698,0.6592199580023023,0.6535060601201584,4.1092291373592165
333,0.6591497298887681,-5.3408502701112335,0.6591497298887681,0.653445960285323,4.112753051080112
334,0.6590705041947315,-5.340929495805269,0.6590705041947315,0.6533773852842063,4.116533946344914
335,0.6589903402833353,-5.341009659716666,0.6589903402833353,0.6533081095922282,4.120303866355225
336,0.6589047975729979,-5.341095202427003,0.6589047975729979,0.6532335824649875,4.124234915900562
337,0.6588243610485175,-5.341175638951484,0.6588243610485175,0.6531637768666931,4.128036320815474
338,0.6587418549944145,-5.341258145005586,0.6587418549944145,0.6529282565736336,4.1318071685891775
339,0.658655544573735,-5.341344455426265,0.658655544573735,0.6528563011965618,4.1356316893358835
340,0.658570070341541,-5.34142992965846,0.658570070341541,0.6527854203321056,4.1394359902268185
341,0.6584869015547508,-5.34151309844525,0.6584869015547508,0.6527163347193196,4.14325855127604
342,0.6584088844642493,-5.341591115535752,0.6584088844642493,0.652651909298013,4.146955048605266
343,0.6583334276170352,-5.341666572382966,0.6583334276170352,0.6525895705678056,4.150639284154882
344,0.6582514681011861,-5.341748531898814,0.6582514681011861,0.6525190212556907,4.1543492529355435
345,0.6581562055771762,-5.341843794422824,0.6581562055771762,0.6524344985405961,4.158283059793495
346,0.6580422462049249,-5.341957753795076,0.6580422462049249,0.6519900233575848,4.1624397019441135
347,0.6579132678233258,-5.342086732176675,0.6579132678233258,0.6518753773921533,4.166896853295586
348,0.657786342674839,-5.342213657325162,0.657786342674839,0.651763008298326,4.171309810263417
349,0.6576602526331606,-5.34233974736684,0.6576602526331606,0.6516513781531491,4.175658633017713
350,0.65754096627088,-5.342459033729122,0.65754096627088,0.6515460487568608,4.179864034852394
351,0.657417675088817,-5.342582324911185,0.657417675088817,0.6513679257671788,4.184048474142681
352,0.6572849662659793,-5.342715033734022,0.6572849662659793,0.6512526850588876,4.18838208433015
353,0.6571501580657015,-5.342849841934299,0.6571501580657015,0.6511347341506949,4.192785600866192
354,0.657019678356824,-5.342980321643178,0.657019678356824,0.651020523263315,4.19704391048815
355,0.6568925938458561,-5.343107406154146,0.6568925938458561,0.6509091405802058,4.201301541288033
356,0.6567684880494388,-5.343231511950562,0.6567684880494388,0.6507996117168516,4.20541878208232
357,0.6566390104234813,-5.34336098957652,0.6566390104234813,0.6504464800956096,4.209612791798553
358,0.6565052731393919,-5.3434947268606106,0.6565052731393919,0.6503296712067259,4.213856419954739
359,0.6563690180988824,-5.343630981901119,0.6563690180988824,0.6502108953461871,4.218098504393592
360,0.6562295266897721,-5.343770473310228,0.6562295266897721,0.6500882737026579,4.222412844054488
361,0.6560957841057778,-5.3439042158942245,0.6560957841057778,0.6499708136503538,4.226584980025725
362,0.6559665389965574,-5.344033461003445,0.6559665389965574,0.6498579473135981,4.230709919043336
363,0.6558456786085327,-5.344154321391468,0.6558456786085327,0.6497528963273171,4.234698882664303
364,0.6557292846265207,-5.344270715373481,0.6557292846265207,0.6496517629947356,4.238556343775277
365,0.6556107927214057,-5.344389207278595,0.6556107927214057,0.6495493024234097,4.24244488026537
366,0.655493930502104,-5.344506069497898,0.655493930502104,0.6494479146433725,4.2462713474495235
367,0.6553736726439149,-5.344626327356087,0.6553736726439149,0.6493433476996956,4.25025903254066
368,0.6552481594538778,-5.344751840546124,0.6552481594538778,0.6492329458492545,4.254399186809814
369,0.6551223057369016,-5.344877694263101,0.6551223057369016,0.6489755475871806,4.25840290517276
370,0.6549869452935528,-5.345013054706449,0.6549869452935528,0.6488594599836037,4.262606547821068
371,0.654858398045619,-5.345141601954382,0.654858398045619,0.6487497268449284,4.266713891193387
372,0.6547347219580252,-5.3452652780419765,0.6547347219580252,0.6486442087084605,4.270685869722046
373,0.6546112356031926,-5.345388764396808,0.6546112356031926,0.6486061806563825,4.274670725126884
374,0.6544896243098255,-5.345510375690175,0.6544896243098255,0.6485031552487905,4.278834768143843
375,0.6543713437050667,-5.3456286562949344,0.6543713437050667,0.6484028119309331,4.282861569298126
376,0.6542492423804761,-5.345750757619525,0.6542492423804761,0.6482991779850115,4.286973581083643
377,0.6541303562045068,-5.345869643795494,0.6541303562045068,0.6481989480624722,4.291141363875887
378,0.6540155898939307,-5.34598441010607,0.6540155898939307,0.6481021869976749,4.295268803625807
379,0.6538961464604093,-5.346103853539591,0.6538961464604093,0.6479978778415981,4.299436586432516
380,0.6537752000154403,-5.346224799984562,0.6537752000154403,0.6478925957964443,4.303617379122906
381,0.6536545209828597,-5.346345479017141,0.6536545209828597,0.6477882401573978,4.307883444256911
382,0.6535328142418496,-5.346467185758151,0.6535328142418496,0.6476155285724672,4.312220590818579
383,0.6534067503603195,-5.346593249639683,0.6534067503603195,0.6475102030803596,4.316583725608785
384,0.6532857620865169,-5.346714237913484,0.6532857620865169,0.6474083103943523,4.320803044299989
385,0.6531598172635341,-5.346840182736467,0.6531598172635341,0.647299146143835,4.325142097803924
386,0.6530370762293968,-5.3469629237706044,0.6530370762293968,0.6471925997101391,4.329393578459851
387,0.6529173857311603,-5.347082614268841,0.6529173857311603,0.6470898933196475,4.333657452331858
388,0.6527961262989661,-5.347203873701035,0.6527961262989661,0.6469861783935984,4.337908017108451
389,0.6526742512957305,-5.347325748704271,0.6526742512957305,0.6468817630167416,4.342198381554156
390,0.6525582398830928,-5.347441760116908,0.6525582398830928,0.6467826001107536,4.346347359954533
391,0.6524472550638333,-5.347552744936168,0.6524472550638333,0.6466878750843786,4.350484340615408
392,0.6523374686379415,-5.347662531362061,0.6523374686379415,0.6465937812630757,4.354484966187841
393,0.6522230813020916,-5.34777691869791,0.6522230813020916,0.6464946099867473,4.358654338077484
394,0.6521137490959243,-5.347886250904077,0.6521137490959243,0.6464007318875886,4.362765525809947
395,0.6520067122491989,-5.3479932877508025,0.6520067122491989,0.6463086083053456,4.366741194211748
396,0.651897827878784,-5.348102172121217,0.651897827878784,0.6462160815902706,4.370835484875619
397,0.651790711515378,-5.348209288484623,0.651790711515378,0.6461247489802784,4.374794803695542
398,0.6516800907169503,-5.348319909283051,0.6516800907169503,0.6460310817440096,4.37886816834192
399,0.6515653814874748,-5.3484346185125275,0.6515653814874748,0.6459333483523501,4.383009041832837
400,0.6514570773632213,-5.3485429226367796,0.6514570773632213,0.6458392284385999,4.387071937693534
401,0.6513532903907626,-5.3486467096092385,0.6513532903907626,0.6457491270257613,4.391000904061495
402,0.651240332167597,-5.348759667832405,0.651240332167597,0.6456493741147867,4.395044659773204
403,0.6511104672688013,-5.3488895327311985,0.6511104672688013,0.6455943929865581,4.39919066350845
404,0.6509458892013181,-5.349054110798682,0.6509458892013181,0.6454431564246957,4.403924486665176
405,0.650761162113566,-5.3492388378864355,0.650761162113566,0.6452713021579902,4.40892202630516
406,0.6505785308854934,-5.3494214691145086,0.6505785308854934,0.6451010923554876,4.413933330148385
407,0.6504064627076835,-5.349593537292318,0.6504064627076835,0.6449410108111141,4.418779467784534
408,0.65024160514603,-5.34975839485397,0.65024160514603,0.6447865813696939,4.423577587361336
409,0.6500851956364372,-5.349914804363563,0.6500851956364372,0.6446395075759102,4.428269501756896
410,0.6499389308884651,-5.350061069111536,0.6499389308884651,0.6445022522940158,4.432806790808133
411,0.64980200370041,-5.350197996299592,0.64980200370041,0.6443740202472277,4.437194537380954
412,0.6496679537395528,-5.350332046260448,0.6496679537395528,0.6442483625618345,4.441527485395671
413,0.6495355157503273,-5.350464484249674,0.6495355157503273,0.6441246917224123,4.445854386217985
414,0.6494099072498102,-5.350590092750191,0.6494099072498102,0.6440075450576687,4.450038671950936
415,0.6492839217019203,-5.35071607829808,0.6492839217019203,0.6438897271312826,4.454219069003571
416,0.6491526221338689,-5.350847377866132,0.6491526221338689,0.6437670573817739,4.458464544256192
417,0.6490203920406973,-5.350979607959303,0.6490203920406973,0.643643771091915,4.46270511159261
418,0.6488855110310179,-5.3511144889689835,0.6488855110310179,0.6435180072552299,4.467037585810332
419,0.6487546756197269,-5.351245324380274,0.6487546756197269,0.6433959708687796,4.471227244235393
420,0.648616932074196,-5.351383067925806,0.648616932074196,0.643267077325508,4.475571787446078
421,0.6484879721351555,-5.351512027864846,0.6484879721351555,0.6431466587963068,4.47977312054852
422,0.6483607197964619,-5.351639280203539,0.6483607197964619,0.6430282690712413,4.483955643905694
423,0.6482343183446689,-5.351765681655332,0.6482343183446689,0.6429106511202183,4.488083104316159
424,0.6481067133059341,-5.351893286694067,0.6481067133059341,0.6427915231541184,4.492331157579124
425,0.6479872262279268,-5.352012773772074,0.6479872262279268,0.6426802178740472,4.496439195472183
426,0.6478700785290608,-5.35212992147094,0.6478700785290608,0.6425692020570442,4.500479411137493
427,0.6477596533197513,-5.35224034668025,0.6477596533197513,0.6424642393523965,4.504487299459065
428,0.6476563916976962,-5.352343608302305,0.6476563916976962,0.6423662485775241,4.508363082601334
429,0.6475598291494625,-5.352440170850539,0.6475598291494625,0.6422735173192226,4.512111107114493
430,0.6474687103233053,-5.352531289676695,0.6474687103233053,0.6421856568194212,4.5157355772491865
431,0.6473706538156716,-5.3526293461843295,0.6473706538156716,0.6420907443976687,4.519522536650902
432,0.6472782568950016,-5.352721743105,0.6472782568950016,0.642001381518361,4.523184682497669
433,0.6471876982981442,-5.3528123017018565,0.6471876982981442,0.6419140427025593,4.526845930970451
434,0.6471011859935367,-5.352898814006465,0.6471011859935367,0.6418306258918296,4.530438533018971
435,0.6470187124605374,-5.352981287539464,0.6470187124605374,0.6417511395988288,4.533912723843261
436,0.6469271274798838,-5.3530728725201175,0.6469271274798838,0.6416628059764634,4.537600822089533
437,0.6468343341836952,-5.353165665816306,0.6468343341836952,0.6415731506360712,4.541275023507313
438,0.6467418185249778,-5.353258181475024,0.6467418185249778,0.6414839918003591,4.544976501006096
439,0.6466553046081641,-5.353344695391837,0.6466553046081641,0.6414007176047186,4.548555948270305
440,0.6465721142524458,-5.353427885747556,0.6465721142524458,0.6413206541354903,4.5520173817134495
441,0.6464859379999156,-5.353514062000086,0.6464859379999156,0.6412374960359706,4.55558032768075
442,0.6463982857390916,-5.353601714260909,0.6463982857390916,0.6411530197347277,4.559156879748074
443,0.6463163197525981,-5.353683680247403,0.6463163197525981,0.6410741192397936,4.562615518628804
444,0.646239146434428,-5.353760853565573,0.646239146434428,0.640999904950871,4.565960125309037
445,0.6461640854303503,-5.353835914569651,0.6461640854303503,0.6409279697316701,4.569315876863144
446,0.646089260427618,-5.353910739572384,0.646089260427618,0.640856161931289,4.572650049996158
447,0.6460191775041709,-5.35398082249583,0.6460191775041709,0.6407889915565055,4.575874305127122
448,0.6459481665968934,-5.354051833403108,0.6459481665968934,0.640720792321841,4.579025307091297
449,0.6458693036225891,-5.354130696377412,0.6458693036225891,0.6406448409105995,4.582402553404825
450,0.6457930772381595,-5.354206922761841,0.6457930772381595,0.6405705918439942,4.585728686976644
451,0.6457150170254822,-5.354284982974519,0.6457150170254822,0.6404943582533675,4.5891110279227405
452,0.6456396546922295,-5.3543603453077715,0.6456396546922295,0.6404207573785751,4.592460051007443
453,0.645564563889888,-5.354435436110113,0.645564563889888,0.6403473653298499,4.595818964698883
454,0.645492486989621,-5.35450751301038,0.645492486989621,0.6402769268370184,4.5990671353791095
455,0.6454200454654647,-5.354579954534536,0.6454200454654647,0.6402060656370918,4.602324140851814
456,0.6453461606220413,-5.354653839377959,0.6453461606220413,0.6401337052061786,4.6056691549498066
457,0.645262774707746,-5.354737225292257,0.645262774707746,0.6400512946842991,4.609156399280258
458,0.6451724188575764,-5.354827581142425,0.6451724188575764,0.6399613012719785,4.612722522906344
459,0.6450810448988338,-5.354918955101167,0.6450810448988338,0.6398703949787282,4.6164025568537
460,0.6449945327337462,-5.355005467266255,0.6449945327337462,0.6397843327922796,4.619961293550843
461,0.6449082707368718,-5.35509172926313,0.6449082707368718,0.6396985038132377,4.62350465010078
462,0.6448275613302731,-5.355172438669728,0.6448275613302731,0.6396182111569828,4.626931192227436
463,0.6447445511831359,-5.355255448816864,0.6447445511831359,0.6395356021548813,4.630342900656546
464,0.6446607940198272,-5.355339205980174,0.6446607940198272,0.6394522311638534,4.6338214198211
465,0.6445760399053844,-5.355423960094617,0.6445760399053844,0.6393678488533013,4.637265532931764
466,0.6444777085239033,-5.355522291476098,0.6444777085239033,0.6392700151387402,4.640947831027862
467,0.6443840780522465,-5.355615921947755,0.6443840780522465,0.6391768641507872,4.644619391159774
468,0.6442935223582751,-5.355706477641726,0.6442935223582751,0.639086770469073,4.648169893364896
469,0.6442047253706804,-5.355795274629321,0.6442047253706804,0.6389984187036196,4.651692048259544
470,0.6441165482326117,-5.35588345176739,0.6441165482326117,0.6389107000611509,4.6551852753402345
471,0.6440254418542418,-5.355974558145759,0.6440254418542418,0.6388202304437758,4.658873403257767
472,0.6439349777825603,-5.35606502221744,0.6439349777825603,0.6387303804180133,4.662492385843778
473,0.6438428934959137,-5.356157106504088,0.6438428934959137,0.6386389957162453,4.666249247961153
474,0.6437512382328389,-5.356248761767162,0.6437512382328389,0.6385480151356894,4.669970937491158
475,0.6436578966655108,-5.35634210333449,0.6436578966655108,0.638455429774093,4.6736992619699125
476,0.6435701177178426,-5.356429882282159,0.6435701177178426,0.6383678723932833,4.677386803013468
477,0.6434858137316973,-5.356514186268304,0.6434858137316973,0.6382837801974797,4.680952728206902
478,0.6433969786729273,-5.356603021327073,0.6433969786729273,0.6381951476326233,4.684609919036885
479,0.6433131565630634,-5.356686843436937,0.6433131565630634,0.638111519174576,4.688146510568394
480,0.6432316241496131,-5.356768375850388,0.6432316241496131,0.6380301720008738,4.691674780054983
481,0.6431540259721118,-5.356845974027888,0.6431540259721118,0.6379527510581512,4.695181887156734
482,0.6430814625446964,-5.3569185374553046,0.6430814625446964,0.637880357246008,4.698573337107382
483,0.643013607312878,-5.356986392687123,0.643013607312878,0.6378126643750051,4.701852940050784
484,0.6429501548884169,-5.357049845111583,0.6429501548884169,0.6377493674026873,4.70502438098328
485,0.6428882599321843,-5.3571117400678165,0.6428882599321843,0.6376876213175335,4.708091223827666
486,0.642825325438635,-5.3571746745613655,0.642825325438635,0.6376249237057743,4.711308704223491
487,0.6427640043255565,-5.357235995674445,0.6427640043255565,0.6375638301098985,4.714420068960833
488,0.64269723483083,-5.357302765169171,0.64269723483083,0.6374973518144522,4.717629927854349
489,0.6426283037591702,-5.357371696240831,0.6426283037591702,0.637428703936157,4.7210902094807485
490,0.6425638451364748,-5.357436154863526,0.6425638451364748,0.6373645162277362,4.724436374283717
491,0.6425024861964913,-5.3574975138035095,0.6425024861964913,0.637303416516135,4.727672181928381
492,0.6424423826140354,-5.357557617385966,0.6424423826140354,0.6372435610378845,4.730939852205644
493,0.6423852483993031,-5.357614751600697,0.6423852483993031,0.6371865810560609,4.73413288453125
494,0.6423313193575738,-5.357668680642427,0.6423313193575738,0.6371327988761878,4.737220622674323
495,0.6422767971258377,-5.357723202874162,0.6422767971258377,0.6370784165238208,4.740304690416429
496,0.6422247309324886,-5.357775269067512,0.6422247309324886,0.6370264835939873,4.7433594923702715
497,0.6421732867780827,-5.357826713221918,0.6421732867780827,0.6369752474512381,4.746459015736834
498,0.6421251798739536,-5.357874820126048,0.6421251798739536,0.6369273396301554,4.749456343138702
499,0.6420801938196126,-5.357919806180388,0.6420801938196126,0.6368825441557775,4.752354839973518
500,0.6420381262362155,-5.357961873763785,0.6420381262362155,0.6368406590526132,4.7551577611723586
501,0.6419952733694898,-5.3580047266305115,0.6419952733694898,0.6367979809487854,4.757868254793953
502,0.6419482056787731,-5.358051794321227,0.6419482056787731,0.6367511965181587,4.760739868822469
503,0.6419037320377569,-5.358096267962245,0.6419037320377569,0.6367069949992538,4.763516801550317
504,0.6418585891581536,-5.3581414108418475,0.6418585891581536,0.6366621135850113,4.76627719243352
505,0.6418115859015947,-5.358188414098406,0.6418115859015947,0.6366153615953299,4.7691909461948265
506,0.6417673743343901,-5.358232625665612,0.6417673743343901,0.6364452490536723,4.772008637710057
507,0.6417181285622088,-5.358281871437793,0.6417181285622088,0.6363978488118477,4.774865166623943
508,0.6416574915344683,-5.358342508465534,0.6416574915344683,0.6363391500811061,4.778133494875178
509,0.6415935423815177,-5.358406457618483,0.6415935423815177,0.6362771532161277,4.7815213868844655
510,0.6415337410798833,-5.358466258920118,0.6415337410798833,0.6362192356851142,4.784797589041418
511,0.6414774945596504,-5.358522505440351,0.6414774945596504,0.6361648069399427,4.787965777770182
512,0.641418615558544,-5.358581384441457,0.641418615558544,0.6361076821405969,4.79115601325822
513,0.6413583402611515,-5.35864165973885,0.6413583402611515,0.6359967037567833,4.794365123075992
514,0.6413005785372847,-5.358699421462717,0.6413005785372847,0.6359423238742945,4.797508160229543
515,0.6412454395786102,-5.3587545604213895,0.6412454395786102,0.6358904497309386,4.800547559509818
516,0.6411852478188962,-5.358814752181105,0.6411852478188962,0.6358334099719776,4.8037072142004735
517,0.6411260858188821,-5.358873914181119,0.6411260858188821,0.6357772912082842,4.806870649601396
518,0.6410654964354493,-5.3589345035645515,0.6410654964354493,0.6357196401922499,4.810044832798354
519,0.6410017358224352,-5.358998264177566,0.6410017358224352,0.6356589879077404,4.8133875081702175
520,0.6409406159608861,-5.3590593840391145,0.6409406159608861,0.6356008690199655,4.816619963465786
521,0.6408781034552157,-5.359121896544785,0.6408781034552157,0.635541783272141,4.819971383342875
522,0.640817772019445,-5.359182227980557,0.640817772019445,0.6354840490728851,4.823212254405325
523,0.6407579663929396,-5.359242033607061,0.6407579663929396,0.6354267509424425,4.826454570202537
524,0.6407014018841927,-5.359298598115808,0.6407014018841927,0.6353726074120155,4.829589932992652
525,0.6406433906236736,-5.359356609376328,0.6406433906236736,0.6353169337115272,4.83275703267725
526,0.6405860393949261,-5.359413960605075,0.6405860393949261,0.6352617720791225,4.835867835573781
527,0.6405308107483902,-5.359469189251611,0.6405308107483902,0.6352090442670412,4.838926528487777
528,0.6404728656800117,-5.359527134319991,0.6404728656800117,0.6351535136644546,4.842098472039042
529,0.6404186811646355,-5.3595813188353665,0.6404186811646355,0.6351016603449474,4.8451657721509855
530,0.6403680131785197,-5.359631986821483,0.6403680131785197,0.6350532432652178,4.848131879889144
531,0.640319874264143,-5.359680125735858,0.640319874264143,0.6350072778348195,4.85100013260088
532,0.6402720845666623,-5.359727915433338,0.6402720845666623,0.6349619464523075,4.853834840650472
533,0.640225415791229,-5.359774584208773,0.640225415791229,0.6349179688798564,4.856687118097427
534,0.6401805817137531,-5.359819418286247,0.6401805817137531,0.634875733222275,4.859492804294202
535,0.6401347751083963,-5.359865224891605,0.6401347751083963,0.6348324355733771,4.862301043850335
536,0.640086012283841,-5.35991398771616,0.640086012283841,0.6347864284468905,4.865182697048552
537,0.6400361115004186,-5.359963888499583,0.6400361115004186,0.6347392083265676,4.868165663307876
538,0.6399894489678281,-5.360010551032173,0.6399894489678281,0.6346951338268395,4.871050225468765
539,0.6399458145809055,-5.360054185419095,0.6399458145809055,0.6346539981693277,4.873839628351456
540,0.6399039702793873,-5.360096029720615,0.6399039702793873,0.6346145664933182,4.876537009897632
541,0.6398608959328356,-5.360139104067165,0.6398608959328356,0.6345741264524613,4.879231730424808
542,0.6398121975592633,-5.360187802440738,0.6398121975592633,0.6345280811328983,4.882082653972194
543,0.6397584351699984,-5.360241564830003,0.6397584351699984,0.634476879953833,4.885051725740121
544,0.6397029813295018,-5.360297018670499,0.6397029813295018,0.6344241917022243,4.888122295639354
545,0.6396417219726395,-5.360358278027363,0.6396417219726395,0.6343660756060662,4.891368740473259
546,0.6395844382670243,-5.360415561732977,0.6395844382670243,0.6343118254497371,4.89450807444515
547,0.6395291971247116,-5.36047080287529,0.6395291971247116,0.6342595121520666,4.897543830292944
548,0.6394718440939927,-5.3605281559060085,0.6394718440939927,0.6342052344213909,4.900722316441443
549,0.6394157317832195,-5.3605842682167815,0.6394157317832195,0.6341520900662267,4.903953247925344
550,0.6393632608045337,-5.360636739195467,0.6393632608045337,0.6341024836191957,4.907077594472526
551,0.6393127749314207,-5.36068722506858,0.6393127749314207,0.6340547626206399,4.910098870699511
552,0.6392608920724236,-5.360739107927578,0.6392608920724236,0.6340046155994635,4.913161937533872
553,0.639207830446412,-5.360792169553589,0.639207830446412,0.6339529179605325,4.916316609702037
554,0.6391582122203741,-5.360841787779627,0.6391582122203741,0.6339046162046642,4.919367208657237
555,0.6391108138124779,-5.360889186187523,0.6391108138124779,0.6338584884801075,4.92231716623247
556,0.6390644930673588,-5.360935506932643,0.6390644930673588,0.6338133942940471,4.925305288141269
557,0.6390211786090588,-5.360978821390941,0.6390211786090588,0.633771263868438,4.928194812592204
558,0.6389804016956389,-5.361019598304362,0.6389804016956389,0.6337316299973762,4.930988992311677
559,0.6389417240644611,-5.36105827593554,0.6389417240644611,0.6336940558950093,4.933728344734417
560,0.638903618372659,-5.361096381627342,0.638903618372659,0.6336570156385092,4.936377303325526
561,0.6388636622159102,-5.361136337784091,0.6388636622159102,0.6336180881892338,4.939087467761349
562,0.638820988026585,-5.361179011973416,0.638820988026585,0.6335765304613415,4.941922075515447
563,0.6387808755987945,-5.361219124401207,0.6387808755987945,0.6335374959487684,4.944663167691232
564,0.6387425188375802,-5.36125748116242,0.6387425188375802,0.6335001799388745,4.947376888917954
565,0.6387056137823202,-5.361294386217681,0.6387056137823202,0.6334642798006124,4.950001080146569
566,0.6386693879015478,-5.361330612098454,0.6386693879015478,0.6334290242815428,4.952604671539938
567,0.6386311320179087,-5.361368867982092,0.6386311320179087,0.6333917054348915,4.955218686024217
568,0.638589965406637,-5.361410034593364,0.638589965406637,0.6333514437200259,4.957887552519769
569,0.638547879307376,-5.361452120692625,0.638547879307376,0.6333102315161838,4.960574599045701
570,0.6385029445248797,-5.361497055475121,0.6385029445248797,0.6332662458730682,4.963363350292941
571,0.6384584261980364,-5.361541573801965,0.6384584261980364,0.6332226440502965,4.966146067898699
572,0.6384125408307586,-5.361587459169242,0.6384125408307586,0.6331776437137664,4.968939493966265
573,0.6383634538873811,-5.361636546112621,0.6383634538873811,0.6331295802019025,4.9718789321721
574,0.6383155393533316,-5.361684460646669,0.6383155393533316,0.6330826536647804,4.974721438009767
575,0.6382616831437838,-5.361738316856218,0.6382616831437838,0.6329378276115305,4.977658726810811
576,0.6382071888127936,-5.3617928111872075,0.6382071888127936,0.6328841737458939,4.980796767885025
577,0.6381553045549754,-5.3618446954450265,0.6381553045549754,0.632833100314402,4.983831354006455
578,0.6381025553627996,-5.361897444637201,0.6381025553627996,0.632781144759478,4.986851468509626
579,0.6380494120195688,-5.361950587980433,0.6380494120195688,0.6327287670059956,4.989885966086286
580,0.6379997158007084,-5.362000284199293,0.6379997158007084,0.6326798093746431,4.992820412466044
581,0.6379527338501412,-5.36204726614986,0.6379527338501412,0.63263354001245,4.995658101625469
582,0.6378999428222655,-5.362100057177735,0.6378999428222655,0.6325815345198493,4.998656151037696
583,0.6378487793144483,-5.362151220685553,0.6378487793144483,0.6325311288906321,5.001607348574412
584,0.6377995835748383,-5.362200416425162,0.6377995835748383,0.632482664397299,5.004461206562441
585,0.6377492449901395,-5.362250755009862,0.6377492449901395,0.6324330314099602,5.0074284673836535
586,0.637701780764275,-5.362298219235726,0.637701780764275,0.6323862480767991,5.0102978641878995
587,0.6376550132202023,-5.3623449867797985,0.6376550132202023,0.6323401025229327,5.013136894585937
588,0.6376112803533502,-5.362388719646651,0.6376112803533502,0.632296969758486,5.015882284823501
589,0.6375703853005485,-5.362429614699453,0.6375703853005485,0.6322566537299206,5.018537121293764
590,0.6375307726212801,-5.362469227378721,0.6375307726212801,0.6322175997740926,5.0211043888603255
591,0.637487714145044,-5.362512285854957,0.637487714145044,0.6321750804670254,5.023811133744888
592,0.6374452100640886,-5.3625547899359125,0.6374452100640886,0.6321331817042283,5.026566991387177
593,0.6374038428144416,-5.362596157185559,0.6374038428144416,0.6320923985351586,5.029351242994935
594,0.6373637127836956,-5.362636287216306,0.6373637127836956,0.6320528321291282,5.0321713962098755
595,0.6373254176213836,-5.362674582378618,0.6373254176213836,0.6320150808864661,5.034898534248907
596,0.6372879675368884,-5.362712032463113,0.6372879675368884,0.6324914061619004,5.037656174989467
597,0.6372503283526488,-5.362749671647352,0.6372503283526488,0.6324535133830971,5.040477229965243
598,0.6372118426269514,-5.362788157373049,0.6372118426269514,0.6324147800328445,5.043205238057878
599,0.6371661907956386,-5.362833809204362,0.6371661907956386,0.6323689559937494,5.046288373638913
600,0.6371198550304634,-5.362880144969537,0.6371198550304634,0.6323225240889793,5.049417053165265
601,0.6370729206069123,-5.362927079393089,0.6370729206069123,0.6322754941986677,5.052584837809917
602,0.63702518589643,-5.362974814103571,0.63702518589643,0.6322276648328585,5.055648157273381
603,0.6369734454181051,-5.3630265545818965,0.6369734454181051,0.6321758306344003,5.058917801778049
604,0.6369248887179162,-5.363075111282084,0.6369248887179162,0.6321271812593267,5.0620796185479655
605,0.6368775111815622,-5.363122488818439,0.6368775111815622,0.6320797121907455,5.065261029373416
606,0.636831082431398,-5.363168917568603,0.636831082431398,0.6320331931367603,5.068385945451159
607,0.6367851356304428,-5.363214864369558,0.6367851356304428,0.6319871573353982,5.071489897933111
608,0.6367396825880547,-5.363260317411948,0.6367396825880547,0.6319416769147572,5.074648148451333
609,0.6366938358636949,-5.363306164136306,0.6366938358636949,0.6318958019505294,5.077773727303672
610,0.6366471248335224,-5.36335287516648,0.6366471248335224,0.6322790111158518,5.0809258944621485
611,0.6365974571484643,-5.363402542851538,0.6365974571484643,0.6322288045008602,5.084175149303077
612,0.6365448210347724,-5.3634551789652285,0.6365448210347724,0.6321752935952736,5.087677366209319
613,0.6364955985784113,-5.36350440142159,0.6364955985784113,0.6321252220177134,5.091064139487156
614,0.6364486920521327,-5.363551307947868,0.6364486920521327,0.6320774913987688,5.09433927029095
615,0.6364016936858449,-5.363598306314156,0.6364016936858449,0.6320296933343674,5.097652952271257
616,0.6363562349622149,-5.363643765037787,0.6363562349622149,0.6319834586819182,5.1008574125004476
617,0.636311564034189,-5.363688435965812,0.636311564034189,0.6319380349783033,5.104055179703537
618,0.6362686219097065,-5.363731378090294,0.6362686219097065,0.6318943626250051,5.107147534228631
619,0.6362241379351634,-5.363775862064838,0.6362241379351634,0.631849170371925,5.110275996182107
620,0.6361806638942399,-5.363819336105761,0.6361806638942399,0.6318050094165139,5.113301334154188
621,0.6361362805000228,-5.363863719499977,0.6361362805000228,0.6317599598961477,5.1163730921600825
622,0.6360947141009267,-5.363905285899074,0.6360947141009267,0.6317177475942596,5.119343586987332
623,0.6360537180511586,-5.363946281948843,0.6360537180511586,0.6320354770310047,5.122323712457286
624,0.6360079400659036,-5.363992059934098,0.6360079400659036,0.6318759452357845,5.125491790567832
625,0.6359638777389326,-5.364036122261068,0.6359638777389326,0.6318317949362583,5.1286600292934
626,0.6359218865832341,-5.364078113416766,0.6359218865832341,0.6317897124875265,5.1317238068183375
627,0.6358775587832568,-5.364122441216744,0.6358775587832568,0.6317452905859782,5.134837219105283
628,0.6358361061259102,-5.364163893874092,0.6358361061259102,0.6317037414876183,5.137847987720377
629,0.6357963892200765,-5.364203610779924,0.6357963892200765,0.6316639262306605,5.1407594931550475
630,0.6357577309151851,-5.364242269084816,0.6357577309151851,0.6316251680569738,5.143634878523777
631,0.6357164648147439,-5.3642835351852565,0.6357164648147439,0.6315838009282932,5.146554351986181
632,0.6356730147837713,-5.364326985216229,0.6356730147837713,0.6315402255085284,5.149461495223401
633,0.6356270182166399,-5.364372981783361,0.6356270182166399,0.6314941036689289,5.15251697679496
634,0.6355832270584468,-5.364416772941553,0.6355832270584468,0.6314496673965068,5.1555108780025884
635,0.6355384038568912,-5.36446159614311,0.6355384038568912,0.6314042164519751,5.158518105159317
636,0.635493977550855,-5.364506022449146,0.635493977550855,0.6316624909017359,5.161530978814443
637,0.6354497753970471,-5.3645502246029535,0.6354497753970471,0.6316179256184806,5.164586580154882
638,0.6354048917631431,-5.364595108236857,0.6354048917631431,0.6315726839522495,5.167662167830772
639,0.6353616229605795,-5.364638377039422,0.6353616229605795,0.6315290624921975,5.170716821398085
640,0.6353211597429022,-5.364678840257098,0.6353211597429022,0.631488252231594,5.173670810311518
641,0.6352833203087433,-5.364716679691258,0.6352833203087433,0.631450071573911,5.17652744668025
642,0.6352462005457538,-5.364753799454248,0.6352462005457538,0.6314126165796474,5.179289934003266
643,0.6352047043053238,-5.364795295694677,0.6352047043053238,0.6313704664605999,5.182206491219903
644,0.6351658915754238,-5.364834108424578,0.6351658915754238,0.6313309701875467,5.185026914104066
645,0.635128396540904,-5.364871603459098,0.635128396540904,0.6312928096102132,5.187806320242456
646,0.6350912161659521,-5.36490878383405,0.6350912161659521,0.6312549813937087,5.190561882693681
647,0.6350558501244605,-5.364944149875541,0.6350558501244605,0.6312189849036602,5.193226629371575
648,0.6350215607761416,-5.36497843922386,0.6350215607761416,0.6311837714688477,5.195909757964656
649,0.6349892663800804,-5.365010733619921,0.6349892663800804,0.6310054143080854,5.198504451773611
650,0.6349577486442283,-5.3650422513557725,0.6349577486442283,0.6309735866747349,5.201119060321239
651,0.6349278186697564,-5.365072181330245,0.6349278186697564,0.6309429606020716,5.203647474808167
652,0.6348973844910151,-5.365102615508985,0.6348973844910151,0.6309118480963375,5.206215580783869
653,0.6348665486637385,-5.365133451336263,0.6348665486637385,0.6308803514633019,5.208771725004082
654,0.6348321035413221,-5.36516789645868,0.6348321035413221,0.6308452627929025,5.211506341080104
655,0.6347943935220046,-5.365205606477996,0.6347943935220046,0.6308066064087245,5.214333658797794
656,0.6347571227310729,-5.365242877268928,0.6347571227310729,0.6307683586640191,5.217067770717587
657,0.6347135306001361,-5.365286469399866,0.6347135306001361,0.6307238182128064,5.219950275539217
658,0.6346686486102133,-5.365331351389789,0.6346686486102133,0.6306780158245398,5.222860198594261
659,0.6346245178917252,-5.365375482108275,0.6346245178917252,0.6306329919264787,5.225785054843669
660,0.6345811279237187,-5.365418872076283,0.6345811279237187,0.6305887353036084,5.228699738956885
661,0.6345405520962941,-5.3654594479037065,0.6345405520962941,0.6305473186616766,5.231518348549629
662,0.6345026080023035,-5.365497391997697,0.6345026080023035,0.6305085589194215,5.234244045738302
663,0.6344671250443246,-5.365532874955677,0.6344671250443246,0.6304722848160057,5.236879888964988
664,0.6344328415569552,-5.365567158443046,0.6344328415569552,0.630437234033702,5.239428836358916
665,0.6343980046176779,-5.365601995382324,0.6343980046176779,0.6304016530090886,5.242098518919296
666,0.6343654271059372,-5.365634572894064,0.6343654271059372,0.6303683539924032,5.244680203970789
667,0.6343349625584379,-5.365665037441563,0.6343349625584379,0.6303371899030644,5.247176788002092
668,0.6343064739973452,-5.365693526002655,0.6343064739973452,0.63030802315805,5.249591072479806
669,0.6342793014449554,-5.365720698555046,0.6342793014449554,0.6302801931867026,5.251925766939571
670,0.6342514934570774,-5.365748506542923,0.6342514934570774,0.6302517479642075,5.254282353208339
671,0.6342254889063818,-5.365774511093619,0.6342254889063818,0.6302251257950013,5.256561263319845
672,0.6342011709019815,-5.3657988290980185,0.6342011709019815,0.6302002092323832,5.258765053859698
673,0.6341778275505335,-5.365822172449468,0.6341778275505335,0.630176285839614,5.26089619756487
674,0.634152964223125,-5.365847035776876,0.634152964223125,0.6299617728404524,5.263063138027741
675,0.6341235983444053,-5.365876401655596,0.6341235983444053,0.6299322509731322,5.2654669699226195
676,0.6340961375257667,-5.365903862474234,0.6340961375257667,0.6299046361028038,5.267791541289612
677,0.6340695355689338,-5.3659304644310675,0.6340695355689338,0.6298778821752052,5.2700394627546645
678,0.6340421662526446,-5.365957833747356,0.6340421662526446,0.6298504113166178,5.272339205408915
679,0.6340136861081994,-5.365986313891802,0.6340136861081994,0.6298218302786077,5.274670617889329
680,0.633986523421498,-5.3660134765785035,0.633986523421498,0.6297945675006794,5.276925160484109
681,0.6339581589294162,-5.366041841070584,0.6339581589294162,0.6297660935847951,5.279218147693429
682,0.6339316344007938,-5.366068365599207,0.6339316344007938,0.6297394609556707,5.281435529659894
683,0.6339057055934335,-5.366094294406568,0.6339057055934335,0.6297134254755625,5.283579796381331
684,0.6338772599147331,-5.3661227400852685,0.6338772599147331,0.629684874643297,5.285801101663869
685,0.6338475002944992,-5.3661524997055015,0.6338475002944992,0.6296550114681322,5.288043380747347
686,0.6338158664232255,-5.366184133576776,0.6338158664232255,0.6296232757090093,5.290330488879327
687,0.6337862840095702,-5.3662137159904315,0.6337862840095702,0.6295935931329347,5.292542199610399
688,0.633758620122755,-5.366241379877246,0.633758620122755,0.6295658308582186,5.294680994513686
689,0.633731985137134,-5.366268014862867,0.633731985137134,0.6295390992998228,5.296749273879377
690,0.6337053834797554,-5.366294616520245,0.6337053834797554,0.629512334817087,5.298878468789746
691,0.6336781747568789,-5.366321825243122,0.6336781747568789,0.6294849673315405,5.301039103297783
692,0.6336492439094864,-5.366350756090515,0.6336492439094864,0.6294558817348855,5.303254232779992
693,0.633620741990289,-5.3663792580097125,0.633620741990289,0.6294272290267043,5.3054404984641
694,0.6335940892757022,-5.366405910724298,0.6335940892757022,0.6294004294269138,5.307554667143669
695,0.6335691658258841,-5.366430834174118,0.6335691658258841,0.6293753629362451,5.309599114544558
696,0.6335458594760262,-5.366454140523976,0.6335458594760262,0.6293519173279389,5.311576138248146
697,0.6335220802956157,-5.366477919704385,0.6335220802956157,0.6293280026073811,5.313487960249866
698,0.6334966226283044,-5.366503377371696,0.6334966226283044,0.6293024130523129,5.315469168449108
699,0.6334705627212464,-5.366529437278754,0.6334705627212464,0.6290305559173782,5.3174777953834536
700,0.6334431914381999,-5.366556808561801,0.6334431914381999,0.6290035274233607,5.319554021749393
701,0.6334138926946689,-5.366586107305332,0.6334138926946689,0.6289745573251637,5.3216980497543345
702,0.6333823030862366,-5.366617696913766,0.6333823030862366,0.6289432828685216,5.323910390808104
703,0.6333520157169739,-5.366647984283028,0.6333520157169739,0.6289132977743338,5.326049770278059
704,0.6333227316181849,-5.366677268381817,0.6333227316181849,0.6288843036592772,5.328240796821336
705,0.6332936969380657,-5.366706303061935,0.6332936969380657,0.6288555472272204,5.330359566675184
706,0.6332609947331006,-5.3667390052669,0.6332609947331006,0.6288231120622705,5.332557342064866
707,0.6332280023438493,-5.366771997656151,0.6332280023438493,0.6287904373845802,5.3348166748646895
708,0.6331971504688333,-5.366802849531169,0.6331971504688333,0.6287598908779983,5.337001501759717
709,0.6331683002834144,-5.366831699716587,0.6331683002834144,0.6287313342456134,5.339114277303786
710,0.6331413219604443,-5.366858678039557,0.6331413219604443,0.6287046381627968,5.341157375400691
711,0.6331160940878937,-5.366883905912108,0.6331160940878937,0.6286796816961675,5.343133091933993
712,0.6330917758790331,-5.3669082241209685,0.6330917758790331,0.6286556245150319,5.345043647313085
713,0.6330662414923699,-5.366933758507631,0.6330662414923699,0.6286303412125076,5.347002576754887
714,0.633041120165607,-5.366958879834394,0.633041120165607,0.6286054614406009,5.3489919304395785
715,0.6330163916772611,-5.36698360832274,0.6330163916772611,0.628580965372881,5.35102642082001
716,0.6329932677193333,-5.367006732280668,0.6329932677193333,0.6285580650781468,5.352993806068005
717,0.6329716442080485,-5.367028355791953,0.6329716442080485,0.628536649641377,5.354896298164438
718,0.6329514238080656,-5.3670485761919355,0.6329514238080656,0.6285165977145748,5.356736036296749
719,0.6329325154953602,-5.367067484504641,0.6329325154953602,0.6284978514914664,5.358515089243037
720,0.6329130896925347,-5.367086910307466,0.6329130896925347,0.6284785816587416,5.3602354576792814
721,0.6328904071133816,-5.367109592886621,0.6328904071133816,0.6284560491821025,5.362128217581441
722,0.6328687755768111,-5.36713122442319,0.6328687755768111,0.6284352217753303,5.364007709446698
723,0.6328485479696636,-5.367151452030338,0.6328485479696636,0.6284157706513378,5.3658251915764446
724,0.6328296331814752,-5.367170366818526,0.6328296331814752,0.6283976056840335,5.367582709356521
725,0.6328119460137367,-5.367188053986264,0.6328119460137367,0.628380546927612,5.369282240744013
726,0.6327953714713078,-5.367204628528693,0.6327953714713078,0.6280504918397332,5.370925698486763
727,0.6327785444290907,-5.367221455570911,0.6327785444290907,0.6280346197205324,5.372654438451467
728,0.6327628096043652,-5.367237190395636,0.6327628096043652,0.6280198050372481,5.37432613274855
729,0.6327480961051297,-5.367251903894871,0.6327480961051297,0.6280059782575554,5.375942663646598
730,0.6327342455080164,-5.367265754491985,0.6327342455080164,0.6279929822591697,5.377505851321844
731,0.6327177286010117,-5.367282271398989,0.6327177286010117,0.6279772890753895,5.3792457117406745
732,0.6327022838865191,-5.367297716113482,0.6327022838865191,0.6279626384008294,5.380928153082146
733,0.6326878417620725,-5.367312158237929,0.6326878417620725,0.6279486584618031,5.382555070354649
734,0.6326737759498889,-5.367326224050112,0.6326737759498889,0.6279348271088696,5.384128296026092
735,0.6326592936799502,-5.367340706320051,0.6326592936799502,0.627920569525043,5.385775789764943
736,0.6326457514342029,-5.367354248565798,0.6326457514342029,0.6279072426467851,5.387368919128342
737,0.6326325677930096,-5.367367432206992,0.6326325677930096,0.6278942654854209,5.388909477975266
738,0.6326180184045113,-5.367381981595489,0.6326180184045113,0.6278806633149113,5.390523741235992
739,0.6326028652948996,-5.367397134705102,0.6326028652948996,0.6278664246930007,5.392292214720632
740,0.6325884351267757,-5.367411564873226,0.6325884351267757,0.6278528774579314,5.394002328452084
741,0.632574131157695,-5.367425868842306,0.632574131157695,0.6278394259979039,5.395703393267113
742,0.6325607557529076,-5.367439244247095,0.6325607557529076,0.6278268737657031,5.3973483194042435
743,0.6325482486252771,-5.367451751374724,0.6325482486252771,0.6278151615204177,5.398938960040994
744,0.6325365034720859,-5.3674634965279155,0.6325365034720859,0.6278041839659596,5.400477107130157
745,0.6325250891146482,-5.3674749108853534,0.6325250891146482,0.6277935108923122,5.402017387440731
746,0.6325144157020505,-5.36748558429795,0.6325144157020505,0.6277834828829872,5.40350683933477
747,0.6325044351327463,-5.367495564867254,0.6325044351327463,0.6277740725878787,5.4049471403651514
748,0.6324942377162277,-5.367505762283774,0.6324942377162277,0.6277644258443391,5.406339912687825
749,0.632482333173439,-5.367517666826563,0.632482333173439,0.627357096601153,5.407831488676545
750,0.6324640616369702,-5.367535938363031,0.6324640616369702,0.6273393014606454,5.409644167789727
751,0.632442651581583,-5.367557348418418,0.632442651581583,0.627318349406083,5.41166014052387
752,0.6324226311705069,-5.367577368829494,0.6324226311705069,0.6272987345997031,5.413609592415176
753,0.6324025137218434,-5.367597486278158,0.6324025137218434,0.6272789571331487,5.415494718479083
754,0.6323819953703749,-5.367618004629627,0.6323819953703749,0.62725876532376,5.4174306139602315
755,0.6323628088007561,-5.367637191199245,0.6323628088007561,0.6272398924436767,5.419302630337143
756,0.6323448675717381,-5.367655132428263,0.6323448675717381,0.6272222526104201,5.421112875442841
757,0.6323280908527369,-5.367671909147265,0.6323280908527369,0.6272057655250125,5.422863387547128
758,0.6323124030596401,-5.367687596940361,0.6323124030596401,0.6271903561092455,5.424556137653872
759,0.6322977009251867,-5.367702299074814,0.6322977009251867,0.6271759215774364,5.426193031722266
760,0.6322823504890681,-5.367717649510933,0.6322823504890681,0.6271607750961682,5.427864064795801
761,0.6322671002041653,-5.367732899795836,0.6322671002041653,0.6271457206042887,5.4295458625464805
762,0.6322527047844597,-5.367747295215541,0.6322527047844597,0.6271315131778769,5.431172170472254
763,0.6322378116870853,-5.367762188312916,0.6322378116870853,0.6271168006182073,5.432885053144979
764,0.6322203087108466,-5.367779691289155,0.6322203087108466,0.6270994885929885,5.434746046665663
765,0.6322023760894909,-5.367797623910511,0.6322023760894909,0.6270817394590885,5.436569466977339
766,0.632185607285363,-5.367814392714638,0.632185607285363,0.6270651470004059,5.438332731522378
767,0.6321699267736551,-5.367830073226346,0.6321699267736551,0.6270496359982096,5.44003782439251
768,0.6321552639300638,-5.367844736069938,0.6321552639300638,0.6270351361196184,5.441686664266159
769,0.6321415527128761,-5.3678584472871265,0.6321415527128761,0.6270215816004664,5.4432811065636795
770,0.632128731365672,-5.367871268634329,0.632128731365672,0.6270089109487379,5.444822945531645
771,0.6321165506827698,-5.367883449317231,0.6321165506827698,0.6269968752107035,5.446313916258532
772,0.6321035253574653,-5.367896474642536,0.6321035253574653,0.6269839893198107,5.44788195124421
773,0.6320904750096417,-5.36790952499036,0.6320904750096417,0.6269710731249087,5.449444894666034
774,0.6320782715857793,-5.367921728414221,0.6320782715857793,0.6269589987908385,5.450956275397969
775,0.6320668601309921,-5.367933139869009,0.6320668601309921,0.6269477115710149,5.452417793995368
776,0.6320561892554053,-5.367943810744595,0.6320561892554053,0.6269371602743223,5.453831094969983
777,0.6320461092042994,-5.367953890795702,0.6320461092042994,0.6269271953357454,5.455197768633459
778,0.6320351412360958,-5.367964858763906,0.6320351412360958,0.6269163381948143,5.456676004614266
779,0.632024148549243,-5.367975851450757,0.632024148549243,0.6269054522229266,5.458105482479741
780,0.6320125025235529,-5.367987497476448,0.6320125025235529,0.6268939089650932,5.459621863227446
781,0.6320016121984207,-5.36799838780158,0.6320016121984207,0.6268831176185465,5.461088223287332
782,0.6319914285485733,-5.368008571451428,0.6319914285485733,0.626873029308856,5.462506211774599
783,0.6319817973281798,-5.368018202671822,0.6319817973281798,0.6268634899343835,5.463877423513973
784,0.6319718105389173,-5.368028189461083,0.6319718105389173,0.6268535916346776,5.465315072491851
785,0.6319603269629638,-5.368039673037037,0.6319603269629638,0.6268421933237768,5.466792022397449
786,0.6319476608462817,-5.36805233915372,0.6319476608462817,0.6268296093737852,5.468349318523089
787,0.6319358166930464,-5.368064183306955,0.6319358166930464,0.6268178444095782,5.469855238956208
788,0.6319247411723581,-5.368075258827643,0.6319247411723581,0.6268068452157777,5.471311477830971
789,0.6319139320496393,-5.368086067950362,0.6319139320496393,0.6267961096683966,5.472719673486386
790,0.6319021274772619,-5.368097872522739,0.6319021274772619,0.6267843760257019,5.474307069188548
791,0.6318891793509643,-5.368110820649036,0.6318891793509643,0.6267714962848544,5.475842102188597
792,0.6318734380860891,-5.368126561913911,0.6318734380860891,0.6267558209583567,5.477566504340583
793,0.6318580415366093,-5.368141958463392,0.6318580415366093,0.6267404879932806,5.479283108044213
794,0.6318424211563503,-5.368157578843651,0.6318424211563503,0.6267249289326771,5.480943079316017
795,0.6318235110696819,-5.368176488930319,0.6318235110696819,0.6267060779864495,5.482791296749233
796,0.6318043638930191,-5.368195636106982,0.6318043638930191,0.6266869878530226,5.4845785372832605
797,0.6317843969416131,-5.368215603058388,0.6317843969416131,0.6266670759262977,5.486432171034528
798,0.6317657257995566,-5.368234274200445,0.6317657257995566,0.6266484578658094,5.488224652703245
799,0.6317482663884977,-5.368251733611504,0.6317482663884977,0.6266310496655854,5.4899579986698495
800,0.6317310195601108,-5.3682689804398915,0.6317310195601108,0.626613852246756,5.4916341589301085
801,0.6317122164653414,-5.368287783534659,0.6317122164653414,0.6265950968269305,5.493380218831167
802,0.6316945064618821,-5.368305493538119,0.6316945064618821,0.626577432827796,5.495068680287578
803,0.6316774501719242,-5.368322549828076,0.6316774501719242,0.6265604209329894,5.496786310102028
804,0.6316603966357854,-5.368339603364216,0.6316603966357854,0.6265441763109456,5.498545676775258
805,0.6316407240827931,-5.368359275917209,0.6316407240827931,0.6265252855053249,5.5003734169283955
806,0.6316208417959834,-5.368379158204017,0.6316208417959834,0.6265061587263364,5.502227226855501
807,0.6316019904821158,-5.368398009517884,0.6316019904821158,0.6264880375753246,5.504019895402277
808,0.6315824446016877,-5.368417555398313,0.6315824446016877,0.6264692282592589,5.505882034046611
809,0.631560024297475,-5.368439975702525,0.631560024297475,0.626447519810324,5.507813555846418
810,0.6315380843150622,-5.368461915684939,0.6315380843150622,0.6264262678156167,5.509755301389653
811,0.6315175677977829,-5.368482432202218,0.6315175677977829,0.6264064162305197,5.511633009345069
812,0.6314963862797567,-5.368503613720244,0.6314963862797567,0.6268215354982898,5.513448789627431
813,0.6314708403449025,-5.368529159655099,0.6314708403449025,0.62679622183789,5.515442509873351
814,0.6314469512363421,-5.368553048763659,0.6314469512363421,0.6267725566759049,5.517370496065063
815,0.6314239446962308,-5.368576055303771,0.6314239446962308,0.626749766072301,5.519234912423713
816,0.6313980380380654,-5.368601961961936,0.6313980380380654,0.6267240676451107,5.521172616721724
817,0.6313738112085922,-5.368626188791409,0.6313738112085922,0.6267000416329594,5.523046447792652
818,0.6313511553730082,-5.368648844626993,0.6313511553730082,0.6266775794808537,5.52485850754418
819,0.6313296174684925,-5.368670382531509,0.6313296174684925,0.6266562283942684,5.526610829034015
820,0.6313076935547277,-5.368692306445273,0.6313076935547277,0.6266344846901963,5.52838871127358
821,0.6312861299375262,-5.368713870062474,0.6312861299375262,0.6266130554999564,5.530208266715819
822,0.6312655507301116,-5.36873444926989,0.6312655507301116,0.6265932018502689,5.532031973303147
823,0.6312463063740245,-5.368753693625977,0.6312463063740245,0.6265746583038286,5.533795547183258
824,0.6312283103287434,-5.368771689671258,0.6312283103287434,0.6265573391890015,5.5355009688705685
825,0.6312114816592413,-5.368788518340759,0.6312114816592413,0.6265411644075886,5.537150153839078
826,0.6311953793068742,-5.368804620693127,0.6311953793068742,0.6265256937069932,5.53874495464156
827,0.6311776613962743,-5.368822338603728,0.6311776613962743,0.6265085859883353,5.540416721902545
828,0.6311610928955024,-5.368838907104499,0.6311610928955024,0.6264926069677698,5.542033357316817
829,0.6311455992706368,-5.368854400729365,0.6311455992706368,0.6264776828321935,5.543596677337966
830,0.6311311108171673,-5.368868889182834,0.6311311108171673,0.6264637445717061,5.545108438721477
831,0.6311168626166977,-5.368883137383302,0.6311168626166977,0.6267971732352378,5.546570340472707
832,0.6311010144390338,-5.368898985560967,0.6311010144390338,0.6267817404120323,5.548118486649817
833,0.6310855154789294,-5.3689144845210715,0.6310855154789294,0.626766641414314,5.549759573373949
834,0.6310710220618987,-5.3689289779381015,0.6310710220618987,0.6267525331848226,5.551346531878778
835,0.6310569601151437,-5.368943039884858,0.6310569601151437,0.6267388422405344,5.5528811461536725
836,0.6310420223240857,-5.368957977675915,0.6310420223240857,0.626724261830558,5.554465125180718
837,0.631028053801525,-5.368971946198477,0.631028053801525,0.6267106376065842,5.555996853794843
838,0.6310149916716397,-5.3689850083283615,0.6310149916716397,0.6266979072081038,5.557478054566938
839,0.631002497457551,-5.368997502542451,0.631002497457551,0.6266857326511278,5.558910393370301
840,0.6309900997752105,-5.369009900224791,0.6309900997752105,0.626673643023163,5.56035952462482
841,0.6309775645865293,-5.369022435413473,0.6309775645865293,0.6266614047373761,5.561817172631862
842,0.6309658428143194,-5.369034157185681,0.6309658428143194,0.6266499691485103,5.563226737076815
843,0.6309548816865688,-5.369045118313433,0.6309548816865688,0.6266392838980867,5.56458980327491
844,0.6309446318536631,-5.369055368146338,0.6309446318536631,0.6266293000325,5.565907904342685
845,0.6309350471665897,-5.369064952833412,0.6309350471665897,0.6266199717820538,5.567182522910484
846,0.6309260844694967,-5.369073915530505,0.6309260844694967,0.6266112563543041,5.5684150927793805
847,0.6309175817076531,-5.369082418292349,0.6309175817076531,0.6266029920427649,5.5696070005242495
848,0.6309084056238834,-5.369091594376117,0.6309084056238834,0.6265945672762492,5.570942747550431
849,0.6308998250223382,-5.369100174977663,0.6308998250223382,0.6265867113448631,5.572234427924485
850,0.63089180126528,-5.369108198734722,0.63089180126528,0.6265793866104136,5.573483494853449
851,0.6308842982212823,-5.3691157017787186,0.6308842982212823,0.6265725579002439,5.574691353668121
852,0.6308772821027333,-5.369122717897268,0.6308772821027333,0.6265661923465887,5.575859363396239
853,0.6308707213138645,-5.369129278686136,0.6308707213138645,0.6265602592363576,5.576988838284338
854,0.6308643835568053,-5.369135616443197,0.6308643835568053,0.6268280315205815,5.578081049269952
855,0.6308564537009947,-5.369143546299006,0.6308564537009947,0.6268208252276978,5.579274634672438
856,0.6308487662738571,-5.369151233726144,0.6308487662738571,0.6268138343461689,5.580428838187365
857,0.6308398591374997,-5.369160140862502,0.6308398591374997,0.6268055978332945,5.581624387522384
858,0.630829409097711,-5.36917059090229,0.630829409097711,0.6267957935407162,5.582898210248875
859,0.6308172698999589,-5.369182730100041,0.6308172698999589,0.6267842762128981,5.5842488983233425
860,0.6308035522356549,-5.369196447764346,0.6308035522356549,0.6267711574957376,5.5856648400725835
861,0.6307885337418866,-5.369211466258115,0.6307885337418866,0.6267567159385138,5.587133872877683
862,0.6307720899443056,-5.369227910055696,0.6307720899443056,0.6267408279388702,5.588645189244246
863,0.6307560411571755,-5.369243958842825,0.6307560411571755,0.6267253146448443,5.590106700536778
864,0.6307392384996615,-5.36926076150034,0.6307392384996615,0.6267090279730293,5.591603521230373
865,0.6307220386438076,-5.369277961356194,0.6307220386438076,0.6266923253583233,5.593100020208841
866,0.6307043733630584,-5.369295626636942,0.6307043733630584,0.6266751393041271,5.594618986563731
867,0.6306877286729707,-5.36931227132703,0.6306877286729707,0.6266589565246422,5.596087920570298
868,0.6306701210926997,-5.369329878907302,0.6306701210926997,0.6266417942078579,5.597578381467557
869,0.6306536541115524,-5.36934634588845,0.6306536541115524,0.6266257564835268,5.599019756254804
870,0.6306378960262532,-5.369362103973748,0.6306378960262532,0.6266104122617764,5.600413657150478
871,0.6306220314879176,-5.369377968512084,0.6306220314879176,0.6265949906539235,5.601892420450579
872,0.6306057733650993,-5.369394226634902,0.6306057733650993,0.6265791597271071,5.60343497989073
873,0.6305905687888201,-5.3694094312111815,0.6305905687888201,0.6265643672041017,5.6049267199092325
874,0.630575247372019,-5.369424752627981,0.630575247372019,0.6265494432653685,5.606369311062133
875,0.6305582976561707,-5.369441702343831,0.6305582976561707,0.6267455096441754,5.6078753065946225
876,0.6305404655105169,-5.369459534489485,0.6305404655105169,0.6267282997797108,5.609465953697731
877,0.6305237893608091,-5.369476210639192,0.6305237893608091,0.626712222635617,5.611004178858783
878,0.6305081943367021,-5.369491805663299,0.6305081943367021,0.6266972042875951,5.612491706458004
879,0.6304935638117628,-5.369506436188239,0.6304935638117628,0.6266831290124834,5.613930204437112
880,0.630478614874123,-5.369521385125878,0.630478614874123,0.6266687147610704,5.615442789649102
881,0.630464119207259,-5.369535880792741,0.630464119207259,0.6266547340409171,5.6169055098238605
882,0.6304498249467546,-5.369550175053246,0.6304498249467546,0.6266409357750494,5.61841409821698
883,0.6304364575883366,-5.369563542411664,0.6304364575883366,0.6266280462118154,5.619872955209449
884,0.6304239570671795,-5.369576042932822,0.6304239570671795,0.6266160060059139,5.621283718009765
885,0.6304117206976894,-5.369588279302312,0.6304117206976894,0.6265135041436866,5.622647970106701
886,0.6303992985573589,-5.369600701442642,0.6303992985573589,0.6265016040553929,5.624002928198019
887,0.6303876818188469,-5.3696123181811535,0.6303876818188469,0.6264904917077945,5.62531322458328
888,0.6303768182996456,-5.369623181700355,0.6303768182996456,0.6264801155293218,5.6265803292670595
889,0.6303662107067312,-5.369633789293269,0.6303662107067312,0.6264699788159042,5.627805664032647
890,0.6303553405404768,-5.369644659459525,0.6303553405404768,0.6264595636357266,5.629112215940775
891,0.6303451753354319,-5.369654824664569,0.6303451753354319,0.6264498380708171,5.6303756927192525
892,0.6303356693973217,-5.36966433060268,0.6303356693973217,0.6264407569548207,5.631597512828812
893,0.6303267799910609,-5.3696732200089405,0.6303267799910609,0.6264322780617559,5.632779048149106
894,0.6303184671494005,-5.369681532850601,0.6303184671494005,0.6264243619153722,5.633921625498304
895,0.6303106934939164,-5.369689306506084,0.6303106934939164,0.6264169716108208,5.635026528103868
896,0.6303034240675479,-5.369696575932453,0.6303034240675479,0.6264100726478476,5.636094997026079
897,0.6302966261779439,-5.369703373822057,0.6302966261779439,0.6264036327747672,5.637128232535721
898,0.6302902692509231,-5.3697097307490775,0.6302902692509231,0.6263976218425236,5.63812739544739
899,0.6302833687313498,-5.369716631268652,0.6302833687313498,0.6263910557061447,5.639093608409795
900,0.6302738552948993,-5.369726144705103,0.6302738552948993,0.6263818654370613,5.640282780835648
901,0.6302637681254224,-5.36973623187458,0.6302637681254224,0.6263720648839383,5.64153291257687
902,0.6302538789762707,-5.369746121023732,0.6302538789762707,0.6265249921662371,5.6427418116364745
903,0.630241138148347,-5.369758861851655,0.630241138148347,0.6265125693751399,5.64413665083932
904,0.6302288454564854,-5.369771154543515,0.6302288454564854,0.6265005830790293,5.645485491134352
905,0.630215840280481,-5.3697841597195195,0.630215840280481,0.6264878731162647,5.646868086443936
906,0.6302036788807117,-5.369796321119289,0.6302036788807117,0.6264759961858226,5.648205085128257
907,0.6301918325784979,-5.369808167421503,0.6301918325784979,0.6264644240286306,5.6494979897638
908,0.6301791697837898,-5.369820830216212,0.6301791697837898,0.626452025456173,5.650858641902149
909,0.6301672111099768,-5.369832788890024,0.6301672111099768,0.6264403214661729,5.652174425642775
910,0.6301543593773126,-5.369845640622689,0.6301543593773126,0.6264277152468403,5.653518299556826
911,0.6301423415811639,-5.369857658418837,0.6301423415811639,0.6264159341459011,5.654817847353797
912,0.6301311036199941,-5.369868896380008,0.6301311036199941,0.6264049243993213,5.656074530199284
913,0.6301205949007402,-5.369879405099261,0.6301205949007402,0.626394635737382,5.657289761163883
914,0.6301107681114527,-5.369889231888549,0.6301107681114527,0.6263850211579839,5.658464906800128
915,0.6301014260136433,-5.369898573986358,0.6301014260136433,0.6263758837196233,5.659601288668299
916,0.6300906258001586,-5.3699093741998425,0.6300906258001586,0.6263652808998624,5.660877514347681
917,0.6300805263471201,-5.369919473652881,0.6300805263471201,0.6263553718478334,5.662111646222038
918,0.6300708873785754,-5.369929112621426,0.6300708873785754,0.6263459165494273,5.663305071750116
919,0.6300614430252723,-5.369938556974729,0.6300614430252723,0.6263370583983899,5.664506284510111
920,0.6300499808531886,-5.369950019146813,0.6300499808531886,0.6263261627242542,5.665796838272145
921,0.6300392622514273,-5.369960737748574,0.6300392622514273,0.6263159915897043,5.6670448321530635
922,0.6300292390004983,-5.369970760999504,0.6300292390004983,0.6263064974250893,5.668251668662917
923,0.630019866006005,-5.369980133993996,0.630019866006005,0.6262976357629904,5.669418704169016
924,0.63001110109632,-5.3699888989036815,0.63001110109632,0.6262893650367437,5.670547250408232
925,0.6300023850869088,-5.369997614913093,0.6300023850869088,0.6262811266455763,5.671638575950216
926,0.629992799547349,-5.370007200452652,0.629992799547349,0.6262720027224052,5.6727933689515835
927,0.6299831640743587,-5.370016835925642,0.6299831640743587,0.6262628134076144,5.673966554865155
928,0.6299741536456154,-5.370025846354387,0.6299741536456154,0.6262542342035939,5.675101053089283
929,0.6299657277313083,-5.3700342722686925,0.6299657277313083,0.626246225086983,5.676198138321889
930,0.629957848427894,-5.3700421515721075,0.629957848427894,0.6262387486430904,5.677259043347329
931,0.6299504802881271,-5.370049519711873,0.6299504802881271,0.6262317698965618,5.678284960407448
932,0.6299435901620659,-5.370056409837935,0.6299435901620659,0.626225256153001,5.679277042528403
933,0.6299368387578672,-5.3700631612421335,0.6299368387578672,0.6262188685603522,5.680236404804635
934,0.6299292413649328,-5.370070758635069,0.6299292413649328,0.6262116228326152,5.6812548186075045
935,0.6299221368434533,-5.370077863156548,0.6299221368434533,0.6262048582399333,5.682239645247423
936,0.6299140147821607,-5.370085985217841,0.6299140147821607,0.6261970647668711,5.683191991581694
937,0.6299044099443472,-5.370095590055654,0.6299044099443472,0.6261877775589368,5.684300419521607
938,0.6298950983278868,-5.370104901672114,0.6298950983278868,0.6261787729830903,5.685372295251239
939,0.6298857548148619,-5.37011424518514,0.6298857548148619,0.6261697262778348,5.686446963309435
940,0.6298770171787207,-5.37012298282128,0.6298770171787207,0.6261612755608262,5.687486204834772
941,0.6298688461581863,-5.3701311538418155,0.6298688461581863,0.6261533819032115,5.688491186025659
942,0.6298609768355303,-5.370139023164471,0.6298609768355303,0.6261457807083214,5.68946303482747
943,0.6298531542332148,-5.370146845766786,0.6298531542332148,0.6261382173087114,5.690512768628294
944,0.6298458389665845,-5.370154161033416,0.6298458389665845,0.6261311526192413,5.691527893121545
945,0.629838998150084,-5.370161001849917,0.629838998150084,0.626124554043662,5.692509548055501
946,0.6298326010278239,-5.370167398972177,0.6298326010278239,0.6261183911055412,5.6934588357486104
947,0.6298263305367622,-5.37017366946324,0.6298263305367622,0.6261123470117888,5.694376822310011
948,0.6298190033926222,-5.370180996607378,0.6298190033926222,0.6261052387389067,5.695365329011406
949,0.6298121513470859,-5.370187848652915,0.6298121513470859,0.6260985982905026,5.696321252195939
950,0.6298057436145195,-5.3701942563854805,0.6298057436145195,0.6260923951243232,5.697245664394222
951,0.6297997514019544,-5.370200248598048,0.6297997514019544,0.6260866006825329,5.6981396029496985
952,0.6297941477803501,-5.370205852219651,0.6297941477803501,0.6260811882632616,5.699004071163729
953,0.6297885232731234,-5.370211476726878,0.6297885232731234,0.6260757486094114,5.699840039404167
954,0.629781953359547,-5.370218046640454,0.629781953359547,0.6261934761662249,5.700733009990914
955,0.6297750182624299,-5.370224981737571,0.6297750182624299,0.6261868199583472,5.701724147885133
956,0.6297664776505469,-5.370233522349455,0.6297664776505469,0.6261785483086679,5.702795637974883
957,0.629758491148466,-5.370241508851534,0.629758491148466,0.6261708212163677,5.703831789276956
958,0.6297510228175727,-5.370248977182429,0.6297510228175727,0.6261636031020257,5.704833766418729
959,0.6297440390488078,-5.370255960951194,0.6297440390488078,0.6261568607010661,5.705802695720117
960,0.6297375084118307,-5.37026249158817,0.6297375084118307,0.6261505629135913,5.706739666446917
961,0.6297309790921845,-5.370269020907816,0.6297309790921845,0.626144258242185,5.707645732023801
962,0.6297230946214786,-5.370276905378521,0.6297230946214786,0.6261365905226994,5.708618167917997
963,0.6297143890323923,-5.370285610967608,0.6297143890323923,0.626128094079833,5.709681068073655
964,0.6297050466584808,-5.37029495334152,0.6297050466584808,0.6261189535274816,5.71070892211681
965,0.6296939053752796,-5.370306094624722,0.6296939053752796,0.6261079948879854,5.711929180366099
966,0.629683486810851,-5.37031651318915,0.629683486810851,0.6260977245609166,5.713109198959085
967,0.6296737441059406,-5.370326255894061,0.6296737441059406,0.6260880394421396,5.7142503035138486
968,0.6296640083978926,-5.370335991602108,0.6296640083978926,0.6260783590663883,5.7153537760977065
969,0.6296527441289331,-5.370347255871068,0.6296527441289331,0.6260671479732186,5.716554352095292
970,0.6296422105758457,-5.370357789424155,0.6296422105758457,0.626056665532042,5.717715337017865
971,0.629632360359033,-5.3703676396409685,0.629632360359033,0.6260468644514378,5.7188380351396475
972,0.6296231491682669,-5.370376850831733,0.6296231491682669,0.6260377005051421,5.719923707885101
973,0.6296145355641958,-5.370385464435806,0.6296145355641958,0.6260291323337778,5.720973575225237
974,0.6296064059454509,-5.37039359405455,0.6296064059454509,0.6260210464121718,5.721988817029627
975,0.6295976789192402,-5.370402321080761,0.6295976789192402,0.6260123614201479,5.723107264258969
976,0.6295892333292784,-5.370410766670722,0.6295892333292784,0.6260039562706441,5.7241888239722245
977,0.6295801056753613,-5.370419894324641,0.6295801056753613,0.6259948675294636,5.725330764234435
978,0.6295715700030502,-5.3704284299969505,0.6295715700030502,0.6259863693051254,5.726435055991269
979,0.6295635879404878,-5.370436412059513,0.6295635879404878,0.6259784232858386,5.7275029389514
980,0.6295561236005692,-5.370443876399432,0.6295561236005692,0.6259709936418201,5.728535612127772
981,0.6295491434203356,-5.370450856579666,0.6295491434203356,0.6259640468648295,5.729534235162463
982,0.6295426160107173,-5.370457383989284,0.6295426160107173,0.6259575516180437,5.730499929609421
983,0.6295365120159558,-5.370463487984044,0.6295365120159558,0.6259514785956044,5.731433780176363
984,0.629530803982092,-5.3704691960179085,0.629530803982092,0.6259458003912234,5.73233683592699
985,0.6295254662339343,-5.3704745337660675,0.6295254662339343,0.6259404913752629,5.733210111444746
986,0.6295204747599653,-5.370479525240037,0.6295204747599653,0.6259355275797461,5.734054587959255
987,0.6295158071046769,-5.370484192895324,0.6295158071046769,0.625930886590794,5.734871214436594
988,0.6295114422678573,-5.370488557732143,0.6295114422678573,0.6259265474480039,5.735660908634466
989,0.6295073606103814,-5.370492639389621,0.6295073606103814,0.6259224905503304,5.736424558123383
990,0.6295035437660877,-5.370496456233913,0.6295035437660877,0.6259186975680461,5.737163021274895
991,0.6294999745593508,-5.37050002544065,0.6294999745593508,0.625915151360393,5.737877128217886
992,0.6294966369279797,-5.3705033630720225,0.6294966369279797,0.625911835898557,5.738567681763914
993,0.6294935158511021,-5.370506484148899,0.6294935158511021,0.6259087361936232,5.739235458302596
994,0.6294905972817124,-5.37050940271829,0.6294905972817124,0.6259058382291907,5.73988120866794
995,0.6294875585643698,-5.370512441435631,0.6294875585643698,0.6259028193791358,5.740505658976564
996,0.6294837532643919,-5.370516246735609,0.6294837532643919,0.6258990332368658,5.741219195975956
997,0.6294801947504051,-5.370519805249596,0.6294801947504051,0.625895493197926,5.741909207947679
998,0.6294768670254226,-5.3705231329745775,0.6294768670254226,0.625892183291133,5.742576469705728
999,0.6294737551285858,-5.3705262448714155,0.6294737551285858,0.6258890885803677,5.743221730602648
